FileName,FuncName and Var Id,M2R,Dual,M2R \ Dual,Dual\M2R,Comments
database.c,zbDBReadLine-0,set(['10']),set(['10']),set([]),set([]),subset
database.c,sDBRemoveLeadingSpaces-0,set(['1']),set(['1']),set([]),set([]),subset
database.c,bDBGetTableType-2,set(['8']),set(['8']),set([]),set([]),subset
database.c,bDBGetTableType-3,"set(['8', '39', '38', '37'])","set(['8', '39', '38', '37'])",set([]),set([]),subset
database.c,bDBGetTableType-0,set(['42']),set(['42']),set([]),set([]),subset
database.c,bDBGetTableType-1,{},{},set([]),set([]),subset
database.c,zbDBGetValue-0,"set(['9', '13', '17'])","set(['9', '13', '17'])",set([]),set([]),subset
database.c,bDBGetTableType-4,"set(['8', '39', '38'])","set(['8', '39', '38'])",set([]),set([]),subset
database.c,bDBGetTableType-5,"set(['8', '39'])","set(['8', '39'])",set([]),set([]),subset
database.c,TransferEntryToNewFile-0,set(['1']),set(['1']),set([]),set([]),subset
database.c,DictDestroy-0,set(['1']),set(['1']),set([]),set([]),subset
database.c,DictDestroy-1,set(['1']),set(['1']),set([]),set([]),subset
database.c,vPDictFind-0,set(['9']),set(['9']),set([]),set([]),subset
database.c,vPDictFind-1,{},{},set([]),set([]),subset
database.c,vPDictFind-2,set(['3']),set(['3']),set([]),set([]),subset
database.c,vPDictFind-3,set(['3']),set(['3']),set([]),set([]),subset
database.c,DBPutTable-8,"set(['108', '60', '62', '109', '111', '110', '113', '112', '102', '103', '106', '107', '104', '105'])","set(['108', '60', '62', '109', '111', '110', '113', '112', '102', '103', '106', '107', '104', '105'])",set([]),set([]),subset
database.c,DBPutTable-9,"set(['60', '62', '113', '112'])","set(['60', '62', '113', '112'])",set([]),set([]),subset
database.c,zbDBParseSimpleHeader-1,{},{},set([]),set([]),subset
database.c,DBPutTable-0,"set(['60', '6'])","set(['60', '6'])",set([]),set([]),subset
database.c,DBPutTable-1,set(['62']),set(['62']),set([]),set([]),subset
database.c,DBPutTable-2,"set(['99', '110', '108', '60', '98', '62', '109', '111', '104', '113', '112', '102', '103', '100', '101', '106', '107', '97', '105'])","set(['99', '110', '108', '60', '98', '62', '109', '111', '104', '113', '112', '102', '103', '100', '101', '106', '107', '97', '105'])",set([]),set([]),subset
database.c,DBPutTable-3,"set(['99', '108', '60', '98', '62', '109', '111', '110', '113', '112', '102', '103', '100', '101', '106', '107', '104', '105'])","set(['99', '108', '60', '98', '62', '109', '111', '110', '113', '112', '102', '103', '100', '101', '106', '107', '104', '105'])",set([]),set([]),subset
database.c,DBPutTable-4,"set(['99', '108', '60', '62', '109', '111', '110', '113', '112', '102', '103', '100', '101', '106', '107', '104', '105'])","set(['99', '108', '60', '62', '109', '111', '110', '113', '112', '102', '103', '100', '101', '106', '107', '104', '105'])",set([]),set([]),subset
database.c,DBPutTable-5,"set(['60', '62', '113'])","set(['60', '62', '113'])",set([]),set([]),subset
database.c,DBPutTable-6,"set(['108', '60', '62', '109', '111', '110', '113', '112', '102', '103', '100', '101', '106', '107', '104', '105'])","set(['108', '60', '62', '109', '111', '110', '113', '112', '102', '103', '100', '101', '106', '107', '104', '105'])",set([]),set([]),subset
database.c,dbDBSeqOpen-0,set(['9']),set(['9']),set([]),set([]),subset
database.c,vPDictNext-0,set(['3']),set(['3']),set([]),set([]),subset
database.c,vPDictNext-1,{},{},set([]),set([]),subset
database.c,bDBGetTable-12,"set(['10', '59', '58', '55', '54', '57', '56', '51', '50', '53', '52', '60', '8'])","set(['10', '59', '58', '55', '54', '57', '56', '51', '50', '53', '52', '60', '8'])",set([]),set([]),subset
database.c,DBPutTable-12,"set(['62', '60', '108', '109', '111', '110', '113', '112', '106', '107', '105'])","set(['62', '60', '108', '109', '111', '110', '113', '112', '106', '107', '105'])",set([]),set([]),subset
database.c,DBPutTable-13,"set(['60', '62', '111', '113', '112'])","set(['60', '62', '111', '113', '112'])",set([]),set([]),subset
database.c,DBPutTable-10,"set(['108', '60', '62', '109', '111', '110', '113', '112', '103', '106', '107', '104', '105'])","set(['108', '60', '62', '109', '111', '110', '113', '112', '103', '106', '107', '104', '105'])",set([]),set([]),subset
database.c,bDBGetTable-13,"set(['10', '59', '58', '55', '54', '57', '56', '51', '53', '52', '60', '8'])","set(['10', '59', '58', '55', '54', '57', '56', '51', '53', '52', '60', '8'])",set([]),set([]),subset
database.c,DBPutTable-16,"set(['108', '60', '62', '109', '111', '110', '113', '112'])","set(['108', '60', '62', '109', '111', '110', '113', '112'])",set([]),set([]),subset
database.c,DBPutTable-17,"set(['60', '62', '111', '110', '113', '112'])","set(['60', '62', '111', '110', '113', '112'])",set([]),set([]),subset
database.c,DBPutTable-14,"set(['62', '60', '108', '109', '111', '110', '113', '112', '106', '107'])","set(['62', '60', '108', '109', '111', '110', '113', '112', '106', '107'])",set([]),set([]),subset
database.c,DBPutTable-15,"set(['62', '60', '108', '109', '111', '110', '113', '112', '107'])","set(['62', '60', '108', '109', '111', '110', '113', '112', '107'])",set([]),set([]),subset
database.c,DBPutTable-18,"set(['60', '62', '109', '111', '110', '113', '112'])","set(['60', '62', '109', '111', '110', '113', '112'])",set([]),set([]),subset
database.c,bDBGetType-1,{},{},set([]),set([]),subset
database.c,bDBGetType-0,set(['9']),set(['9']),set([]),set([]),subset
database.c,vPDictDelete-4,set(['12']),set(['12']),set([]),set([]),subset
database.c,sStripString-1,"set(['10', '4'])","set(['10', '4'])",set([]),set([]),subset
database.c,sStripString-0,"set(['1', '8', '4', '10'])","set(['1', '8', '4', '10'])",set([]),set([]),subset
database.c,sStripString-2,set(['8']),set(['8']),set([]),set([]),subset
database.c,bDBGetTable-8,"set(['60', '8', '59', '10'])","set(['60', '8', '59', '10'])",set([]),set([]),subset
database.c,bDBGetTable-9,"set(['10', '59', '58', '48', '49', '55', '54', '57', '56', '51', '50', '53', '52', '60', '8'])","set(['10', '59', '58', '48', '49', '55', '54', '57', '56', '51', '50', '53', '52', '60', '8'])",set([]),set([]),subset
database.c,bDBGetTable-6,"set(['10', '59', '58', '48', '49', '46', '47', '57', '56', '51', '50', '53', '52', '60', '55', '54', '8'])","set(['10', '59', '58', '48', '49', '46', '47', '57', '56', '51', '50', '53', '52', '60', '55', '54', '8'])",set([]),set([]),subset
database.c,bDBGetTable-7,"set(['10', '59', '58', '48', '49', '55', '47', '57', '56', '51', '50', '53', '52', '60', '54', '8'])","set(['10', '59', '58', '48', '49', '55', '47', '57', '56', '51', '50', '53', '52', '60', '54', '8'])",set([]),set([]),subset
database.c,bDBGetTable-4,"set(['10', '56', '59', '58', '48', '49', '46', '47', '57', '45', '51', '50', '53', '52', '60', '55', '54', '8'])","set(['10', '56', '59', '58', '48', '49', '46', '47', '57', '45', '51', '50', '53', '52', '60', '55', '54', '8'])",set([]),set([]),subset
database.c,bDBGetTable-5,"set(['60', '8', '10'])","set(['60', '8', '10'])",set([]),set([]),subset
database.c,bDBGetTable-2,set(['10']),set(['10']),set([]),set([]),subset
database.c,bDBGetTable-3,"set(['10', '56', '59', '58', '48', '49', '46', '47', '44', '45', '51', '50', '53', '52', '60', '55', '54', '8', '57'])","set(['10', '56', '59', '58', '48', '49', '46', '47', '44', '45', '51', '50', '53', '52', '60', '55', '54', '8', '57'])",set([]),set([]),subset
database.c,bDBGetTable-0,set(['64']),set(['64']),set([]),set([]),subset
database.c,bDBGetTable-1,{},{},set([]),set([]),subset
database.c,zPutValue-0,"set(['9', '19', '14'])","set(['9', '19', '14'])",set([]),set([]),subset
database.c,zPutValue-1,"set(['9', '19', '14'])","set(['9', '19', '14'])",set([]),set([]),subset
database.c,zbDBReadDataLine-0,set(['5']),set(['5']),set([]),set([]),subset
database.c,DBPutTable-7,"set(['108', '60', '62', '109', '111', '110', '113', '112', '102', '103', '101', '106', '107', '104', '105'])","set(['108', '60', '62', '109', '111', '110', '113', '112', '102', '103', '101', '106', '107', '104', '105'])",set([]),set([]),subset
database.c,bDBGetTable-18,"set(['10', '59', '58', '55', '54', '57', '56', '60', '8'])","set(['10', '59', '58', '55', '54', '57', '56', '60', '8'])",set([]),set([]),subset
database.c,bDBGetTable-19,"set(['10', '59', '58', '55', '57', '56', '60', '8'])","set(['10', '59', '58', '55', '57', '56', '60', '8'])",set([]),set([]),subset
database.c,bDBGetTable-10,"set(['10', '59', '58', '49', '55', '54', '57', '56', '51', '50', '53', '52', '60', '8'])","set(['10', '59', '58', '49', '55', '54', '57', '56', '51', '50', '53', '52', '60', '8'])",set([]),set([]),subset
database.c,bDBGetTable-11,"set(['60', '8', '59', '58', '10'])","set(['60', '8', '59', '58', '10'])",set([]),set([]),subset
database.c,sDBRemoveSpaces-0,set(['1']),set(['1']),set([]),set([]),subset
database.c,sDBRemoveSpaces-1,"set(['1', '4'])","set(['1', '4'])",set([]),set([]),subset
database.c,bDBGetTable-14,"set(['10', '59', '58', '57', '60', '8'])","set(['10', '59', '58', '57', '60', '8'])",set([]),set([]),subset
database.c,bDBGetTable-15,"set(['10', '59', '58', '55', '54', '57', '56', '53', '52', '60', '8'])","set(['10', '59', '58', '55', '54', '57', '56', '53', '52', '60', '8'])",set([]),set([]),subset
database.c,bDBGetTable-16,"set(['10', '59', '58', '55', '54', '57', '56', '53', '60', '8'])","set(['10', '59', '58', '55', '54', '57', '56', '53', '60', '8'])",set([]),set([]),subset
database.c,bDBGetTable-17,"set(['10', '59', '58', '57', '56', '60', '8'])","set(['10', '59', '58', '57', '56', '60', '8'])",set([]),set([]),subset
database.c,ePrepareDatabaseForEntry-0,set(['3']),set(['3']),set([]),set([]),subset
database.c,zbDBParseSimpleHeader-2,"set(['11', '12', '21', '22', '23'])","set(['11', '12', '21', '22', '23'])",set([]),set([]),subset
database.c,zbDBParseSimpleHeader-0,set(['26']),set(['26']),set([]),set([]),subset
database.c,DictAdd-0,set(['3']),set(['3']),set([]),set([]),subset
database.c,bScanDataBase-2,"set(['1', '12', '17'])","set(['1', '12', '17'])",set([]),set([]),subset
database.c,bScanDataBase-3,"set(['1', '17'])","set(['1', '17'])",set([]),set([]),subset
database.c,bScanDataBase-0,set(['21']),set(['21']),set([]),set([]),subset
database.c,bScanDataBase-1,{},{},set([]),set([]),subset
database.c,vPDictDelete-6,set(['8']),set(['8']),set([]),set([]),subset
database.c,bDBRndDeleteEntry-1,{},{},set([]),set([]),subset
database.c,bDBRndDeleteEntry-0,set(['7']),set(['7']),set([]),set([]),subset
database.c,vPDictDelete-2,set(['12']),set(['12']),set([]),set([]),subset
database.c,vPDictDelete-3,set(['3']),set(['3']),set([]),set([]),subset
database.c,vPDictDelete-0,set(['18']),set(['18']),set([]),set([]),subset
database.c,vPDictDelete-1,{},{},set([]),set([]),subset
database.c,sDBRemoveControlAndPadding-1,"set(['1', '8'])","set(['1', '8'])",set([]),set([]),subset
database.c,sDBRemoveControlAndPadding-0,"set(['11', '8', '14'])","set(['11', '8', '14'])",set([]),set([]),subset
database.c,bDBGetValue-1,{},{},set([]),set([]),subset
database.c,bDBGetValue-0,set(['8']),set(['8']),set([]),set([]),subset
database.c,vPDictDelete-5,"set(['3', '12'])","set(['3', '12'])",set([]),set([]),subset
database.c,ConcatString-0,"set(['1', '4'])","set(['1', '4'])",set([]),set([]),subset
database.c,ConcatString-1,set(['1']),set(['1']),set([]),set([]),subset
database.c,sDBRemoveFirstString-1,set(['1']),set(['1']),set([]),set([]),subset
database.c,sDBRemoveFirstString-0,set(['8']),set(['8']),set([]),set([]),subset
database.c,dbDBRndOpen-2,"set(['10', '12', '4'])","set(['10', '12', '4'])",set([]),set([]),subset
database.c,dbDBRndOpen-0,set(['21']),set(['21']),set([]),set([]),subset
database.c,dbDBRndOpen-1,{},{},set([]),set([]),subset
database.c,DBPutTable-11,"set(['108', '60', '62', '109', '111', '110', '113', '112', '106', '107', '104', '105'])","set(['108', '60', '62', '109', '111', '110', '113', '112', '106', '107', '104', '105'])",set([]),set([]),subset
database.c,bDBRndNextEntryWithPrefix-1,{},{},set([]),set([]),subset
database.c,bDBRndNextEntryWithPrefix-0,set(['6']),set(['6']),set([]),set([]),subset
database.c,dbDBSeqOpen-1,{},{},set([]),set([]),subset
molutil.c,delete_atom-6,set(['6']),set(['6']),set([]),set([]),subset
molutil.c,set_cons_mask-3,set(['3']),set(['3']),set([]),set([]),subset
molutil.c,set_belly_mask-14,{},{},set([]),set([]),subset
molutil.c,set_belly_mask-13,{},{},set([]),set([]),subset
molutil.c,set_belly_mask-12,"set(['24', '39', '21', '17', '51', '31', '28', '36', '75', '72', '44', '96'])","set(['24', '39', '21', '17', '51', '31', '28', '36', '75', '72', '44', '96'])",set([]),set([]),subset
molutil.c,set_belly_mask-11,"set(['1', '9', '3', '5'])","set(['1', '9', '3', '5'])",set([]),set([]),subset
molutil.c,set_belly_mask-10,"set(['1', '3', '5'])","set(['1', '3', '5'])",set([]),set([]),subset
molutil.c,countstrandresidues-1,set(['1']),set(['1']),set([]),set([]),subset
molutil.c,countstrandresidues-0,set(['1']),set(['1']),set([]),set([]),subset
molutil.c,set_cons_mask-1,"set(['1', '9', '3', '5'])","set(['1', '9', '3', '5'])",set([]),set([]),subset
molutil.c,freeresidue-3,set(['17']),set(['17']),set([]),set([]),subset
molutil.c,freeresidue-2,set(['17']),set(['17']),set([]),set([]),subset
molutil.c,freeresidue-1,{},{},set([]),set([]),subset
molutil.c,freeresidue-0,set(['31']),set(['31']),set([]),set([]),subset
molutil.c,freeresidue-4,set(['7']),set(['7']),set([]),set([]),subset
molutil.c,getresname-0,set(['3']),set(['3']),set([]),set([]),subset
molutil.c,countmolatoms-2,set(['3']),set(['3']),set([]),set([]),subset
molutil.c,countmolatoms-1,"set(['1', '8', '3', '5'])","set(['1', '8', '3', '5'])",set([]),set([]),subset
molutil.c,countmolatoms-0,set(['1']),set(['1']),set([]),set([]),subset
molutil.c,cvt_p2hb-1,{},{},set([]),set([]),subset
molutil.c,cvt_p2hb-0,set(['20']),set(['20']),set([]),set([]),subset
molutil.c,transformpts-0,set(['1']),set(['1']),set([]),set([]),subset
molutil.c,cvt_p2hb-2,"set(['2', '17'])","set(['2', '17'])",set([]),set([]),subset
molutil.c,NAB_mri-0,set(['16']),set(['16']),set([]),set([]),subset
molutil.c,freemolecule-3,set(['7']),set(['7']),set([]),set([]),subset
molutil.c,freemolecule-2,set(['3']),set(['3']),set([]),set([]),subset
molutil.c,freemolecule-1,{},{},set([]),set([]),subset
molutil.c,freemolecule-0,set(['25']),set(['25']),set([]),set([]),subset
molutil.c,NAB_rri-0,set(['16']),set(['16']),set([]),set([]),subset
molutil.c,addstrand-1,{},{},set([]),set([]),subset
molutil.c,addstrand-0,set(['19']),set(['19']),set([]),set([]),subset
molutil.c,addstrand-3,set(['1']),set(['1']),set([]),set([]),subset
molutil.c,addstrand-2,set(['14']),set(['14']),set([]),set([]),subset
molutil.c,NAB_rri-3,{},{},set([]),set([]),subset
molutil.c,set_cons_mask-4,set(['5']),set(['5']),set([]),set([]),subset
molutil.c,NAB_arf-0,set(['15']),set(['15']),set([]),set([]),subset
molutil.c,NAB_rri-2,{},{},set([]),set([]),subset
molutil.c,addresidue-4,set(['1']),set(['1']),set([]),set([]),subset
molutil.c,addresidue-3,set(['6']),set(['6']),set([]),set([]),subset
molutil.c,addresidue-2,set(['12']),set(['12']),set([]),set([]),subset
molutil.c,addresidue-1,{},{},set([]),set([]),subset
molutil.c,addresidue-0,set(['19']),set(['19']),set([]),set([]),subset
molutil.c,NAB_ari-4,{},{},set([]),set([]),subset
molutil.c,NAB_ari-2,{},{},set([]),set([]),subset
molutil.c,NAB_ari-3,{},{},set([]),set([]),subset
molutil.c,NAB_ari-0,set(['29']),set(['29']),set([]),set([]),subset
molutil.c,NAB_ari-1,{},{},set([]),set([]),subset
molutil.c,set_belly_mask-3,"set(['99', '47'])","set(['99', '47'])",set([]),set([]),subset
molutil.c,set_belly_mask-2,{},{},set([]),set([]),subset
molutil.c,set_belly_mask-1,{},{},set([]),set([]),subset
molutil.c,set_belly_mask-0,set(['1']),set(['1']),set([]),set([]),subset
molutil.c,anglep-0,set(['5']),set(['5']),set([]),set([]),subset
molutil.c,anglep-1,{},{},set([]),set([]),subset
molutil.c,set_belly_mask-5,set(['101']),set(['101']),set([]),set([]),subset
molutil.c,set_belly_mask-4,"set(['99', '101'])","set(['99', '101'])",set([]),set([]),subset
molutil.c,set_belly_mask-9,set(['5']),set(['5']),set([]),set([]),subset
molutil.c,set_belly_mask-8,set(['3']),set(['3']),set([]),set([]),subset
molutil.c,concat_mat-0,set(['5']),set(['5']),set([]),set([]),subset
molutil.c,concat_mat-1,set(['3']),set(['3']),set([]),set([]),subset
molutil.c,concat_mat-2,set(['1']),set(['1']),set([]),set([]),subset
molutil.c,add_atom-3,"set(['5', '21', '16'])","set(['5', '21', '16'])",set([]),set([]),subset
molutil.c,NAB_arc-0,set(['25']),set(['25']),set([]),set([]),subset
molutil.c,NAB_arc-3,{},{},set([]),set([]),subset
molutil.c,set_cons_mask-2,"set(['1', '3', '5'])","set(['1', '3', '5'])",set([]),set([]),subset
molutil.c,NAB_arc-1,{},{},set([]),set([]),subset
molutil.c,countmolstrands-0,set(['1']),set(['1']),set([]),set([]),subset
molutil.c,countmolstrands-1,"set(['1', '4'])","set(['1', '4'])",set([]),set([]),subset
molutil.c,NAB_arc-2,set(['10']),set(['10']),set([]),set([]),subset
molutil.c,copyextbonds-3,set(['1']),set(['1']),set([]),set([]),subset
molutil.c,copyextbonds-2,"set(['1', '6'])","set(['1', '6'])",set([]),set([]),subset
molutil.c,copyextbonds-1,{},{},set([]),set([]),subset
molutil.c,copyextbonds-0,set(['11']),set(['11']),set([]),set([]),subset
molutil.c,copyextbonds-4,set(['1']),set(['1']),set([]),set([]),subset
molutil.c,setxyz_from_mol-3,set(['6']),set(['6']),set([]),set([]),subset
molutil.c,add_atom-0,set(['28']),set(['28']),set([]),set([]),subset
molutil.c,setxyz_from_mol-2,set(['8']),set(['8']),set([]),set([]),subset
molutil.c,add_atom-1,{},{},set([]),set([]),subset
molutil.c,setxyz_from_mol-1,"set(['11', '8', '4', '6'])","set(['11', '8', '4', '6'])",set([]),set([]),subset
molutil.c,setxyz_from_mol-0,set(['4']),set(['4']),set([]),set([]),subset
molutil.c,NAB_rrc-1,{},{},set([]),set([]),subset
molutil.c,NAB_rrc-0,set(['7']),set(['7']),set([]),set([]),subset
molutil.c,NAB_anext-0,set(['5']),set(['5']),set([]),set([]),subset
molutil.c,NAB_anext-1,{},{},set([]),set([]),subset
molutil.c,NAB_anext-2,{},{},set([]),set([]),subset
molutil.c,delete_atom-5,"set(['28', '4'])","set(['28', '4'])",set([]),set([]),subset
molutil.c,transformres-1,set(['1']),set(['1']),set([]),set([]),subset
molutil.c,transformres-0,"set(['3', '7'])","set(['3', '7'])",set([]),set([]),subset
molutil.c,trans4p-2,{},{},set([]),set([]),subset
molutil.c,countmolatoms-3,set(['5']),set(['5']),set([]),set([]),subset
molutil.c,set_cons_mask-0,set(['1']),set(['1']),set([]),set([]),subset
molutil.c,delete_atom-4,"set(['9', '13'])","set(['9', '13'])",set([]),set([]),subset
molutil.c,set_belly_mask-7,"set(['24', '39', '17', '31', '51', '75'])","set(['24', '39', '17', '31', '51', '75'])",set([]),set([]),subset
molutil.c,set_belly_mask-6,{},{},set([]),set([]),subset
molutil.c,connectres-3,set(['18']),set(['18']),set([]),set([]),subset
molutil.c,connectres-2,set(['30']),set(['30']),set([]),set([]),subset
molutil.c,connectres-1,{},{},set([]),set([]),subset
molutil.c,connectres-0,set(['39']),set(['39']),set([]),set([]),subset
molutil.c,connectres-6,set(['1']),set(['1']),set([]),set([]),subset
molutil.c,connectres-5,{},{},set([]),set([]),subset
molutil.c,connectres-4,"set(['25', '13'])","set(['25', '13'])",set([]),set([]),subset
molutil.c,freestrand-1,set(['6']),set(['6']),set([]),set([]),subset
molutil.c,freestrand-0,set(['12']),set(['12']),set([]),set([]),subset
molutil.c,freestrand-3,set(['1']),set(['1']),set([]),set([]),subset
molutil.c,freestrand-2,set(['1']),set(['1']),set([]),set([]),subset
molutil.c,circle-3,"set(['13', '27', '21', '17', '1', '5', '9'])","set(['13', '27', '21', '17', '1', '5', '9'])",set([]),set([]),subset
molutil.c,circle-2,{},{},set([]),set([]),subset
molutil.c,circle-1,{},{},set([]),set([]),subset
molutil.c,circle-0,set(['31']),set(['31']),set([]),set([]),subset
molutil.c,find_atom-2,set(['1']),set(['1']),set([]),set([]),subset
molutil.c,setmol_from_xyz-1,"set(['11', '8', '4', '6'])","set(['11', '8', '4', '6'])",set([]),set([]),subset
molutil.c,setmol_from_xyz-0,set(['4']),set(['4']),set([]),set([]),subset
molutil.c,setmol_from_xyz-3,set(['6']),set(['6']),set([]),set([]),subset
molutil.c,setmol_from_xyz-2,set(['8']),set(['8']),set([]),set([]),subset
molutil.c,find_atom-1,{},{},set([]),set([]),subset
molutil.c,newtransform-0,{},{},set([]),set([]),subset
molutil.c,newmolecule-0,set(['3']),set(['3']),set([]),set([]),subset
molutil.c,newmolecule-1,{},{},set([]),set([]),subset
molutil.c,find_atom-0,set(['7']),set(['7']),set([]),set([]),subset
molutil.c,xfm_xyz-1,"set(['1', '13', '5'])","set(['1', '13', '5'])",set([]),set([]),subset
molutil.c,cap-0,set(['1']),set(['1']),set([]),set([]),subset
molutil.c,NAB_arc-4,{},{},set([]),set([]),subset
molutil.c,xfm_xyz-0,set(['7']),set(['7']),set([]),set([]),subset
molutil.c,raa2mat-2,set(['2']),set(['2']),set([]),set([]),subset
molutil.c,raa2mat-3,set(['2']),set(['2']),set([]),set([]),subset
molutil.c,raa2mat-0,set(['2']),set(['2']),set([]),set([]),subset
molutil.c,raa2mat-1,set(['2']),set(['2']),set([]),set([]),subset
molutil.c,countmolres-1,"set(['1', '3', '6'])","set(['1', '3', '6'])",set([]),set([]),subset
molutil.c,countmolres-0,set(['1']),set(['1']),set([]),set([]),subset
molutil.c,countmolres-2,set(['3']),set(['3']),set([]),set([]),subset
molutil.c,find_atom-3,set(['1']),set(['1']),set([]),set([]),subset
molutil.c,NAB_rri-1,{},{},set([]),set([]),subset
molutil.c,add_atom-2,set(['11']),set(['11']),set([]),set([]),subset
molutil.c,NAB_initatom-0,set(['5']),set(['5']),set([]),set([]),subset
molutil.c,NAB_ainit-0,set(['1']),set(['1']),set([]),set([]),subset
molutil.c,copy_mat-1,set(['1']),set(['1']),set([]),set([]),subset
molutil.c,copy_mat-0,set(['3']),set(['3']),set([]),set([]),subset
molutil.c,NAB_rnext-5,set(['11']),set(['11']),set([]),set([]),subset
molutil.c,NAB_rnext-4,{},{},set([]),set([]),subset
molutil.c,NAB_rnext-3,"set(['19', '2'])","set(['19', '2'])",set([]),set([]),subset
molutil.c,NAB_rnext-2,set(['16']),set(['16']),set([]),set([]),subset
molutil.c,NAB_rnext-1,{},{},set([]),set([]),subset
molutil.c,NAB_rnext-0,set(['27']),set(['27']),set([]),set([]),subset
molutil.c,add_he2o3-3,{},{},set([]),set([]),subset
molutil.c,add_he2o3-2,set(['4']),set(['4']),set([]),set([]),subset
molutil.c,add_he2o3-1,set(['6']),set(['6']),set([]),set([]),subset
molutil.c,add_he2o3-0,set(['13']),set(['13']),set([]),set([]),subset
molutil.c,add_he2o3-7,{},{},set([]),set([]),subset
molutil.c,add_he2o3-6,set(['12']),set(['12']),set([]),set([]),subset
molutil.c,add_he2o3-5,set(['12']),set(['12']),set([]),set([]),subset
molutil.c,add_he2o3-4,set(['12']),set(['12']),set([]),set([]),subset
molutil.c,NAB_mnext-4,{},{},set([]),set([]),subset
molutil.c,NAB_mnext-5,{},{},set([]),set([]),subset
molutil.c,NAB_mnext-6,set(['13']),set(['13']),set([]),set([]),subset
molutil.c,NAB_mnext-0,set(['29']),set(['29']),set([]),set([]),subset
molutil.c,NAB_mnext-1,{},{},set([]),set([]),subset
molutil.c,NAB_mnext-2,set(['18']),set(['18']),set([]),set([]),subset
molutil.c,NAB_mnext-3,"set(['2', '21'])","set(['2', '21'])",set([]),set([]),subset
molutil.c,setxyzw_from_mol-3,set(['6']),set(['6']),set([]),set([]),subset
molutil.c,setxyzw_from_mol-2,set(['8']),set(['8']),set([]),set([]),subset
molutil.c,setxyzw_from_mol-1,"set(['11', '8', '4', '6'])","set(['11', '8', '4', '6'])",set([]),set([]),subset
molutil.c,setxyzw_from_mol-0,set(['4']),set(['4']),set([]),set([]),subset
molutil.c,delete_atom-1,{},{},set([]),set([]),subset
molutil.c,delete_atom-0,set(['36']),set(['36']),set([]),set([]),subset
molutil.c,delete_atom-3,"set(['26', '22'])","set(['26', '22'])",set([]),set([]),subset
molutil.c,delete_atom-2,{},{},set([]),set([]),subset
molutil.c,upd_molnumbers-1,set(['1']),set(['1']),set([]),set([]),subset
molutil.c,upd_molnumbers-0,set(['1']),set(['1']),set([]),set([]),subset
molutil.c,upd_molnumbers-3,"set(['3', '5'])","set(['3', '5'])",set([]),set([]),subset
molutil.c,upd_molnumbers-2,set(['3']),set(['3']),set([]),set([]),subset
molutil.c,upd_molnumbers-5,"set(['1', '3', '5'])","set(['1', '3', '5'])",set([]),set([]),subset
molutil.c,upd_molnumbers-4,set(['5']),set(['5']),set([]),set([]),subset
molutil.c,upd_molnumbers-6,"set(['1', '3'])","set(['1', '3'])",set([]),set([]),subset
molutil.c,transformmol-1,"set(['8', '12'])","set(['8', '12'])",set([]),set([]),subset
molutil.c,transformmol-0,"set(['1', '3', '5', '16'])","set(['1', '3', '5', '16'])",set([]),set([]),subset
molutil.c,transformmol-3,set(['1']),set(['1']),set([]),set([]),subset
molutil.c,transformmol-2,set(['5']),set(['5']),set([]),set([]),subset
molutil.c,transformmol-4,set(['3']),set(['3']),set([]),set([]),subset
molutil.c,mergestr-0,set(['74']),set(['74']),set([]),set([]),subset
molutil.c,mergestr-1,{},{},set([]),set([]),subset
molutil.c,mergestr-2,set(['22']),set(['22']),set([]),set([]),subset
molutil.c,mergestr-3,set(['14']),set(['14']),set([]),set([]),subset
molutil.c,mergestr-4,"set(['9', '17'])","set(['9', '17'])",set([]),set([]),subset
molutil.c,mergestr-5,"set(['37', '57', '42', '62', '66', '47'])","set(['37', '57', '42', '62', '66', '47'])",set([]),set([]),subset
molutil.c,mergestr-6,"set(['67', '28', '52'])","set(['67', '28', '52'])",set([]),set([]),subset
molutil.c,mergestr-7,set(['8']),set(['8']),set([]),set([]),subset
molutil.c,trans4p-0,{},{},set([]),set([]),subset
molutil.c,trans4p-1,{},{},set([]),set([]),subset
molutil.c,mk_idmat-1,set(['1']),set(['1']),set([]),set([]),subset
molutil.c,mk_idmat-0,set(['3']),set(['3']),set([]),set([]),subset
molutil.c,get-0,set(['5']),set(['5']),set([]),set([]),subset
molutil.c,get-1,{},{},set([]),set([]),subset
molutil.c,setreskind-3,set(['17']),set(['17']),set([]),set([]),subset
molutil.c,setreskind-2,"set(['15', '14', '16'])","set(['15', '14', '16'])",set([]),set([]),subset
molutil.c,setreskind-1,set(['1']),set(['1']),set([]),set([]),subset
molutil.c,setreskind-0,set(['1']),set(['1']),set([]),set([]),subset
molutil.c,setreskind-4,set(['19']),set(['19']),set([]),set([]),subset
molutil.c,NAB_arc-5,set(['16']),set(['16']),set([]),set([]),subset
molutil.c,fixextbonds-0,set(['1']),set(['1']),set([]),set([]),subset
molutil.c,setmol_from_xyzw-3,set(['6']),set(['6']),set([]),set([]),subset
molutil.c,setmol_from_xyzw-2,set(['8']),set(['8']),set([]),set([]),subset
molutil.c,setmol_from_xyzw-1,"set(['11', '8', '4', '6'])","set(['11', '8', '4', '6'])",set([]),set([]),subset
molutil.c,setmol_from_xyzw-0,set(['4']),set(['4']),set([]),set([]),subset
molutil.c,torsionp-1,set(['7']),set(['7']),set([]),set([]),subset
molutil.c,torsionp-0,set(['9']),set(['9']),set([]),set([]),subset
molutil.c,torsionp-2,"set(['5', '4'])","set(['5', '4'])",set([]),set([]),subset
molutil.c,NAB_arc-6,"set(['21', '16'])","set(['21', '16'])",set([]),set([]),subset
prm.c,ggets-0,set(['7']),set(['7']),set([]),set([]),subset
prm.c,ggets-1,{},{},set([]),set([]),subset
prm.c,ggets-2,"set(['3', '4'])","set(['3', '4'])",set([]),set([]),subset
prm.c,skipeoln-0,"set(['7', '6'])","set(['7', '6'])",set([]),set([]),subset
prm.c,pfind-0,{},{},set([]),set([]),subset
prm.c,iscompressed-0,set(['10']),set(['10']),set([]),set([]),subset
prm.c,preadln-0,"set(['11', '8', '2', '15', '16'])","set(['11', '8', '2', '15', '16'])",set([]),set([]),subset
prm.c,preadln-1,"set(['11', '2'])","set(['11', '2'])",set([]),set([]),subset
prm.c,readparm-13,{},{},set([]),set([]),subset
prm.c,readparm-12,{},{},set([]),set([]),subset
prm.c,readparm-11,"set(['209', '212'])","set(['209', '212'])",set([]),set([]),subset
prm.c,readparm-10,set(['351']),set(['351']),set([]),set([]),subset
prm.c,readparm-15,set(['9']),set(['9']),set([]),set([]),subset
prm.c,readparm-14,{},{},set([]),set([]),subset
prm.c,readparm-9,set(['254']),set(['254']),set([]),set([]),subset
prm.c,readparm-8,"set(['151', '319', '157', '197', '336', '193', '115', '89', '65', '83', '139', '175', '233', '22', '46', '249', '28', '40', '323', '181', '189', '349', '203', '145', '209', '315', '307', '77', '121', '109', '169', '71', '127', '227', '103', '95', '163', '133', '59', '55', '18', '34', '239'])","set(['151', '319', '157', '197', '336', '193', '115', '89', '65', '83', '139', '175', '233', '22', '46', '249', '28', '40', '323', '181', '189', '349', '203', '145', '209', '315', '307', '77', '121', '109', '169', '71', '127', '227', '103', '95', '163', '133', '59', '55', '18', '34', '239'])",set([]),set([]),subset
prm.c,iscompressed-1,{},{},set([]),set([]),subset
prm.c,readparm-3,"set(['300', '260', '259', '249', '254'])","set(['260', '259', '254'])","set(['300', '249'])",set([]),subset
prm.c,readparm-2,"set(['46', '51', '52'])","set(['46', '51', '52'])",set([]),set([]),subset
prm.c,readparm-1,set(['357']),set(['357']),set([]),set([]),subset
prm.c,readparm-0,set(['357']),set(['357']),set([]),set([]),subset
prm.c,readparm-7,{},{},set([]),set([]),subset
prm.c,readparm-6,"set(['5', '6'])","set(['5', '6'])",set([]),set([]),subset
prm.c,readparm-5,{},{},set([]),set([]),subset
prm.c,readparm-4,{},{},set([]),set([]),subset
prm.c,copyparm-0,set(['11']),set(['11']),set([]),set([]),subset
prm.c,copyparm-1,{},{},set([]),set([]),subset
prm.c,get-0,set(['7']),set(['7']),set([]),set([]),subset
prm.c,get-1,{},{},set([]),set([]),subset
prm.c,genopen-0,set(['34']),set(['34']),set([]),set([]),subset
prm.c,genopen-1,{},{},set([]),set([]),subset
prm.c,genopen-2,"set(['33', '25', '30', '32', '23'])","set(['33', '25', '30', '32', '23'])",set([]),set([]),subset
prm.c,genopen-3,"set(['30', '29', '22', '23'])","set(['30', '29', '22', '23'])",set([]),set([]),subset
prm.c,writeparm-1,"set(['133', '61', '117', '89', '65', '113', '69', '139', '81', '85', '25', '21', '49', '45', '29', '41', '9', '143', '77', '121', '109', '73', '125', '129', '93', '101', '97', '105', '13', '17', '33', '57', '37', '53'])","set(['133', '61', '117', '89', '65', '113', '69', '139', '81', '85', '25', '21', '49', '45', '29', '41', '9', '143', '77', '121', '109', '73', '125', '129', '93', '101', '97', '105', '13', '17', '33', '57', '37', '53'])",set([]),set([]),subset
prm.c,writeparm-0,"set(['148', '7'])","set(['148', '7'])",set([]),set([]),subset
rand2.c,setseed-0,set(['3']),set(['3']),set([]),set([]),subset
rand2.c,rand2a-1,{},{},set([]),set([]),subset
rand2.c,rand2a-0,set(['22']),set(['22']),set([]),set([]),subset
rand2.c,rand2a-3,{},{},set([]),set([]),subset
rand2.c,rand2a-2,set(['5']),set(['5']),set([]),set([]),subset
select_atoms.c,atom_in_1_aexpr-0,set(['63']),set(['63']),set([]),set([]),subset
select_atoms.c,atom_in_1_aexpr-1,{},{},set([]),set([]),subset
select_atoms.c,atom_in_aexpr-4,"set(['3', '13', '7'])","set(['3', '13', '7'])",set([]),set([]),subset
select_atoms.c,atom_in_1_aexpr-3,"set(['3', '6'])","set(['3', '6'])",set([]),set([]),subset
select_atoms.c,atom_in_aexpr-2,set(['7']),set(['7']),set([]),set([]),subset
select_atoms.c,select_all-2,set(['3']),set(['3']),set([]),set([]),subset
select_atoms.c,select_all-1,set(['5']),set(['5']),set([]),set([]),subset
select_atoms.c,select_all-0,set(['1']),set(['1']),set([]),set([]),subset
select_atoms.c,eval_1_aexpr-0,{},{},set([]),set([]),subset
select_atoms.c,eval_1_aexpr-1,"set(['3', '6'])","set(['3', '6'])",set([]),set([]),subset
select_atoms.c,atom_in_1_aexpr-2,{},{},set([]),set([]),subset
select_atoms.c,atom_in_res_range-2,set(['4']),set(['4']),set([]),set([]),subset
select_atoms.c,aexpr2rexpr-1,set(['1']),set(['1']),set([]),set([]),subset
select_atoms.c,aexpr2rexpr-0,"set(['1', '8', '7'])","set(['1', '8', '7'])",set([]),set([]),subset
select_atoms.c,match_str_range-2,set(['2']),set(['2']),set([]),set([]),subset
select_atoms.c,match_str_range-1,set(['3']),set(['3']),set([]),set([]),subset
select_atoms.c,match_str_range-0,set(['3']),set(['3']),set([]),set([]),subset
select_atoms.c,atom_in_aexpr-3,set(['3']),set(['3']),set([]),set([]),subset
select_atoms.c,or_select-2,set(['3']),set(['3']),set([]),set([]),subset
select_atoms.c,or_select-0,set(['1']),set(['1']),set([]),set([]),subset
select_atoms.c,or_select-1,set(['5']),set(['5']),set([]),set([]),subset
select_atoms.c,atom_in_aexpr-1,{},{},set([]),set([]),subset
select_atoms.c,atom_in_aexpr-0,set(['15']),set(['15']),set([]),set([]),subset
select_atoms.c,match_res_pat-0,set(['1']),set(['1']),set([]),set([]),subset
select_atoms.c,match_res_pat-1,set(['4']),set(['4']),set([]),set([]),subset
select_atoms.c,select_atoms-2,set(['7']),set(['7']),set([]),set([]),subset
select_atoms.c,select_atoms-3,set(['3']),set(['3']),set([]),set([]),subset
select_atoms.c,select_atoms-0,set(['13']),set(['13']),set([]),set([]),subset
select_atoms.c,select_atoms-1,{},{},set([]),set([]),subset
select_atoms.c,select_atoms-4,"set(['11', '3', '7'])","set(['11', '3', '7'])",set([]),set([]),subset
select_atoms.c,set_select-0,set(['1']),set(['1']),set([]),set([]),subset
select_atoms.c,clear_select-2,set(['3']),set(['3']),set([]),set([]),subset
select_atoms.c,clear_select-1,set(['5']),set(['5']),set([]),set([]),subset
select_atoms.c,clear_select-0,set(['1']),set(['1']),set([]),set([]),subset
select_atoms.c,atom_in_res_range-0,set(['13']),set(['13']),set([]),set([]),subset
select_atoms.c,atom_in_res_range-1,{},{},set([]),set([]),subset
select_atoms.c,set_attr_if-2,set(['11']),set(['11']),set([]),set([]),subset
select_atoms.c,set_attr_if-0,set(['1']),set(['1']),set([]),set([]),subset
select_atoms.c,set_select-1,set(['5']),set(['5']),set([]),set([]),subset
select_atoms.c,is_pattern-0,set(['34']),set(['34']),set([]),set([]),subset
select_atoms.c,is_pattern-1,{},{},set([]),set([]),subset
select_atoms.c,is_pattern-2,"set(['19', '28', '12', '5'])","set(['19', '28', '12', '5'])",set([]),set([]),subset
select_atoms.c,is_pattern-3,"set(['19', '28', '5'])","set(['19', '28', '5'])",set([]),set([]),subset
select_atoms.c,set_select-2,set(['3']),set(['3']),set([]),set([]),subset
select_atoms.c,match_str_pat-0,set(['1']),set(['1']),set([]),set([]),subset
select_atoms.c,match_res_range-0,set(['1']),set(['1']),set([]),set([]),subset
select_atoms.c,match_res_range-1,set(['7']),set(['7']),set([]),set([]),subset
select_atoms.c,clear_attr-0,set(['1']),set(['1']),set([]),set([]),subset
select_atoms.c,clear_attr-1,set(['3']),set(['3']),set([]),set([]),subset
select_atoms.c,clear_attr-2,set(['5']),set(['5']),set([]),set([]),subset
select_atoms.c,clear_work-2,set(['3']),set(['3']),set([]),set([]),subset
select_atoms.c,clear_work-0,set(['1']),set(['1']),set([]),set([]),subset
select_atoms.c,clear_work-1,set(['5']),set(['5']),set([]),set([]),subset
select_atoms.c,atom_in_str_range-4,set(['3']),set(['3']),set([]),set([]),subset
select_atoms.c,atom_in_str_range-1,{},{},set([]),set([]),subset
select_atoms.c,set_attr_if-1,set(['6']),set(['6']),set([]),set([]),subset
select_atoms.c,atom_in_str_range-3,set(['2']),set(['2']),set([]),set([]),subset
select_atoms.c,atom_in_str_range-2,set(['3']),set(['3']),set([]),set([]),subset
select_atoms.c,match_atom_pat-0,set(['1']),set(['1']),set([]),set([]),subset
select_atoms.c,match_atom_pat-1,set(['7']),set(['7']),set([]),set([]),subset
select_atoms.c,match_atom_pat-2,set(['4']),set(['4']),set([]),set([]),subset
select_atoms.c,setpoint-8,"set(['10', '13', '16', '1', '4', '7'])","set(['10', '13', '16', '1', '4', '7'])",set([]),set([]),subset
select_atoms.c,atom_in_str_range-0,set(['12']),set(['12']),set([]),set([]),subset
select_atoms.c,setpoint-3,"set(['10', '13', '16', '1', '4', '7'])","set(['10', '13', '16', '1', '4', '7'])",set([]),set([]),subset
select_atoms.c,setpoint-2,"set(['10', '13', '16', '1', '4', '7'])","set(['10', '13', '16', '1', '4', '7'])",set([]),set([]),subset
select_atoms.c,setpoint-1,{},{},set([]),set([]),subset
select_atoms.c,setpoint-0,set(['22']),set(['22']),set([]),set([]),subset
select_atoms.c,setpoint-7,set(['1']),set(['1']),set([]),set([]),subset
select_atoms.c,setpoint-6,"set(['10', '13', '16', '1', '4', '7'])","set(['10', '13', '16', '1', '4', '7'])",set([]),set([]),subset
select_atoms.c,setpoint-5,set(['7']),set(['7']),set([]),set([]),subset
select_atoms.c,setpoint-4,set(['4']),set(['4']),set([]),set([]),subset
nblist.c,buildkdtree-6,{},{},set([]),set([]),subset
nblist.c,buildkdtree-5,"set(['19', '64', '39', '27', '51'])","set(['19', '64', '39', '27', '51'])",set([]),set([]),subset
nblist.c,buildkdtree-4,"set(['19', '26'])","set(['19', '26'])",set([]),set([]),subset
nblist.c,heapsort_index-0,set(['1']),set(['1']),set([]),set([]),subset
nblist.c,heapsort_index-1,set(['5']),set(['5']),set([]),set([]),subset
nblist.c,buildkdtree-1,"set(['39', '27', '59', '48', '47', '51', '36', '35', '60', '76', '64', '72', '73'])","set(['39', '27', '59', '48', '47', '51', '36', '35', '60', '76', '64', '72', '73'])",set([]),set([]),subset
nblist.c,buildkdtree-0,set(['26']),{},set(['26']),set([]),subset
nblist.c,searchkdtree-0,set(['11']),set(['11']),set([]),set([]),subset
nblist.c,searchkdtree-1,{},{},set([]),set([]),subset
nblist.c,nblist-3,"set(['13', '5'])","set(['13', '5'])",set([]),set([]),subset
nblist.c,nblist-2,"set(['27', '23'])","set(['27', '23'])",set([]),set([]),subset
nblist.c,nblist-1,set(['13']),set(['13']),set([]),set([]),subset
nblist.c,nblist-0,set(['4']),set(['4']),set([]),set([]),subset
nblist.c,downheap_pairs-0,set(['5']),set(['5']),set([]),set([]),subset
nblist.c,heapsort_pairs-1,set(['5']),set(['5']),set([]),set([]),subset
nblist.c,downheap_index-1,set(['1']),set(['1']),set([]),set([]),subset
nblist.c,downheap_index-0,set(['5']),set(['5']),set([]),set([]),subset
nblist.c,buildkdtree-3,set(['26']),{},set(['26']),set([]),subset
nblist.c,downheap_pairs-1,set(['1']),set(['1']),set([]),set([]),subset
nblist.c,heapsort_pairs-0,set(['1']),set(['1']),set([]),set([]),subset
nblist.c,buildkdtree-2,"set(['39', '27', '59', '48', '47', '51', '36', '35', '60', '76', '64', '72', '73'])","set(['39', '27', '59', '48', '47', '51', '36', '35', '60', '76', '64', '72', '73'])",set([]),set([]),subset
binpos.c,readbinposfrm-0,set(['11']),set(['11']),set([]),set([]),subset
binpos.c,readbinposfrm-1,{},{},set([]),set([]),subset
binpos.c,readbinposfrm-2,set(['7']),set(['7']),set([]),set([]),subset
binpos.c,writebinposfrm-0,set(['3']),set(['3']),set([]),set([]),subset
memutil.c,imatrix-0,{},{},set([]),set([]),subset
memutil.c,imatrix-1,set(['5']),set(['5']),set([]),set([]),subset
memutil.c,matrix-0,{},{},set([]),set([]),subset
memutil.c,matrix-1,set(['5']),set(['5']),set([]),set([]),subset
regcomp.c,findmust-7,set(['28']),set(['28']),set([]),set([]),subset
regcomp.c,findmust-6,"set(['9', '18', '21'])","set(['9', '18', '21'])",set([]),set([]),subset
regcomp.c,findmust-5,"set(['3', '21'])","set(['3', '21'])",set([]),set([]),subset
regcomp.c,findmust-4,"set(['3', '21', '6'])",{},"set(['3', '21', '6'])",set([]),subset
regcomp.c,findmust-3,"set(['3', '20', '21'])","set(['3', '20', '21'])",set([]),set([]),subset
regcomp.c,findmust-2,"set(['21', '18', '30', '28', '3', '9'])","set(['21', '18', '30', '28', '3', '9'])",set([]),set([]),subset
regcomp.c,findmust-1,set(['28']),set(['28']),set([]),set([]),subset
regcomp.c,findmust-0,set(['35']),set(['35']),set([]),set([]),subset
regcomp.c,nch-1,set(['1']),set(['1']),set([]),set([]),subset
regcomp.c,nch-0,"set(['1', '4'])","set(['1', '4'])",set([]),set([]),subset
regcomp.c,doinsert-0,set(['11']),set(['11']),set([]),set([]),subset
regcomp.c,p_b_term-1,set(['56']),set(['56']),set([]),set([]),subset
regcomp.c,categorize-2,set(['3']),set(['3']),set([]),set([]),subset
regcomp.c,othercase-0,set(['5']),set(['5']),set([]),set([]),subset
regcomp.c,p_b_cclass-0,set(['22']),set(['22']),set([]),set([]),subset
regcomp.c,p_b_term-0,set(['61']),set(['61']),set([]),set([]),subset
regcomp.c,dupl-0,set(['3']),set(['3']),set([]),set([]),subset
regcomp.c,dupl-1,{},{},set([]),set([]),subset
regcomp.c,enlarge-0,set(['5']),set(['5']),set([]),set([]),subset
regcomp.c,freeset-0,set(['1']),set(['1']),set([]),set([]),subset
regcomp.c,p_count-0,set(['1']),set(['1']),set([]),set([]),subset
regcomp.c,p_count-1,set(['1']),set(['1']),set([]),set([]),subset
regcomp.c,isinsets-2,set(['1']),set(['1']),set([]),set([]),subset
regcomp.c,isinsets-0,set(['7']),set(['7']),set([]),set([]),subset
regcomp.c,p_b_cclass-1,"set(['18', '15'])","set(['18', '15'])",set([]),set([]),subset
regcomp.c,isinsets-1,{},{},set([]),set([]),subset
regcomp.c,p_bre-0,set(['6']),set(['6']),set([]),set([]),subset
regcomp.c,p_bre-1,set(['6']),set(['6']),set([]),set([]),subset
regcomp.c,p_ere_exp-1,{},{},set([]),set([]),subset
regcomp.c,p_ere_exp-0,set(['81']),set(['81']),set([]),set([]),subset
regcomp.c,samesets-0,set(['7']),set(['7']),set([]),set([]),subset
regcomp.c,samesets-1,{},{},set([]),set([]),subset
regcomp.c,samesets-2,set(['1']),set(['1']),set([]),set([]),subset
regcomp.c,samesets-3,set(['1']),set(['1']),set([]),set([]),subset
regcomp.c,categorize-0,set(['17']),set(['17']),set([]),set([]),subset
regcomp.c,categorize-1,set(['7']),set(['7']),set([]),set([]),subset
regcomp.c,p_ere-1,"set(['1', '16'])",set(['16']),set(['1']),set([]),subset
regcomp.c,p_ere-0,"set(['1', '16'])","set(['1', '16'])",set([]),set([]),subset
regcomp.c,allocset-1,"set(['15', '16'])","set(['15', '16'])",set([]),set([]),subset
regcomp.c,p_b_coll_elem-2,set(['12']),set(['12']),set([]),set([]),subset
regcomp.c,mcadd-0,set(['6']),set(['6']),set([]),set([]),subset
regcomp.c,p_b_coll_elem-0,set(['21']),set(['21']),set([]),set([]),subset
regcomp.c,freezeset-0,set(['1']),set(['1']),set([]),set([]),subset
regcomp.c,p_simp_re-2,"set(['61', '59'])","set(['61', '59'])",set([]),set([]),subset
regcomp.c,doinsert-1,set(['3']),set(['3']),set([]),set([]),subset
regcomp.c,p_ere_exp-3,"set(['56', '58'])","set(['56', '58'])",set([]),set([]),subset
regcomp.c,p_b_term-3,"set(['51', '53'])","set(['51', '53'])",set([]),set([]),subset
regcomp.c,p_b_term-2,set(['10']),set(['10']),set([]),set([]),subset
regcomp.c,p_ere_exp-2,set(['32']),set(['32']),set([]),set([]),subset
regcomp.c,p_b_symbol-1,{},{},set([]),set([]),subset
regcomp.c,isinsets-3,set(['1']),set(['1']),set([]),set([]),subset
regcomp.c,p_b_cclass-2,set(['6']),set(['6']),set([]),set([]),subset
regcomp.c,repeat-0,set(['17']),set(['17']),set([]),set([]),subset
regcomp.c,repeat-1,{},{},set([]),set([]),subset
regcomp.c,allocset-0,set(['7']),set(['7']),set([]),set([]),subset
regcomp.c,regcomp-4,set(['18']),set(['18']),set([]),set([]),subset
regcomp.c,p_simp_re-1,{},{},set([]),set([]),subset
regcomp.c,p_simp_re-3,set(['4']),set(['4']),set([]),set([]),subset
regcomp.c,regcomp-1,set(['14']),set(['14']),set([]),set([]),subset
regcomp.c,regcomp-0,"set(['32', '14'])",set(['32']),set(['14']),set([]),subset
regcomp.c,regcomp-3,{},{},set([]),set([]),subset
regcomp.c,regcomp-2,set(['8']),set(['8']),set([]),set([]),subset
regcomp.c,p_bracket-1,set(['44']),set(['44']),set([]),set([]),subset
regcomp.c,pluscount-4,"set(['8', '3'])","set(['8', '3'])",set([]),set([]),subset
regcomp.c,p_bracket-3,set(['72']),set(['72']),set([]),set([]),subset
regcomp.c,p_bracket-2,set(['11']),set(['11']),set([]),set([]),subset
regcomp.c,pluscount-1,{},{},set([]),set([]),subset
regcomp.c,pluscount-0,set(['13']),set(['13']),set([]),set([]),subset
regcomp.c,pluscount-3,set(['3']),set(['3']),set([]),set([]),subset
regcomp.c,pluscount-2,"set(['8', '3', '7'])","set(['8', '3', '7'])",set([]),set([]),subset
regcomp.c,p_simp_re-0,set(['85']),set(['85']),set([]),set([]),subset
regcomp.c,freezeset-2,set(['5']),set(['5']),set([]),set([]),subset
regcomp.c,freezeset-1,set(['17']),set(['17']),set([]),set([]),subset
regcomp.c,p_bracket-0,set(['57']),set(['57']),set([]),set([]),subset
regcomp.c,firstch-1,{},{},set([]),set([]),subset
regcomp.c,firstch-0,set(['7']),set(['7']),set([]),set([]),subset
regcomp.c,p_ere-2,"set(['1', '16'])",set(['16']),set(['1']),set([]),subset
regcomp.c,firstch-2,set(['1']),set(['1']),set([]),set([]),subset
regcomp.c,p_b_coll_elem-1,{},{},set([]),set([]),subset
regcomp.c,p_b_symbol-0,set(['17']),set(['17']),set([]),set([]),subset
regerror.c,regerror-1,set(['3']),set(['3']),set([]),set([]),subset
regerror.c,regerror-0,"set(['15', '14'])","set(['15', '14'])",set([]),set([]),subset
regerror.c,regatoi-1,{},{},set([]),set([]),subset
regerror.c,regatoi-0,set(['9']),set(['9']),set([]),set([]),subset
regerror.c,regatoi-2,set(['1']),set(['1']),set([]),set([]),subset
regfree.c,regfree-0,set(['14']),set(['14']),set([]),set([]),subset
chirvol.c,chirvol-0,set(['1']),set(['1']),set([]),set([]),subset
molio.c,initcid-3,set(['14']),set(['14']),set([]),set([]),subset
molio.c,nextcid-2,{},{},set([]),set([]),subset
molio.c,fputpdb-5,set(['9']),set(['9']),set([]),set([]),subset
molio.c,putbnd-1,{},{},set([]),set([]),subset
molio.c,fputpdb-4,"set(['10', '12'])","set(['10', '12'])",set([]),set([]),subset
molio.c,makebonds-0,set(['22']),set(['22']),set([]),set([]),subset
molio.c,fgetpdb-6,"set(['99', '90', '4'])","set(['99', '90', '4'])",set([]),set([]),subset
molio.c,fputpdb-2,{},{},set([]),set([]),subset
molio.c,fputpdb-1,{},{},set([]),set([]),subset
molio.c,fputpdb-0,set(['60']),set(['60']),set([]),set([]),subset
molio.c,fgetpdb-2,"set(['22', '7'])","set(['22', '7'])",set([]),set([]),subset
molio.c,fgetpdb-3,set(['72']),set(['72']),set([]),set([]),subset
molio.c,fgetpdb-0,set(['79']),set(['79']),set([]),set([]),subset
molio.c,fgetpdb-1,set(['84']),set(['84']),set([]),set([]),subset
molio.c,putdist-9,set(['7']),set(['7']),set([]),set([]),subset
molio.c,putdist-6,"set(['3', '15', '21'])","set(['3', '15', '21'])",set([]),set([]),subset
molio.c,fputpdb-9,set(['10']),set(['10']),set([]),set([]),subset
molio.c,fputpdb-8,{},{},set([]),set([]),subset
molio.c,putdist-2,"set(['38', '33', '31', '51', '36', '41', '46'])","set(['38', '33', '31', '51', '36', '41', '46'])",set([]),set([]),subset
molio.c,fgetpdb-8,"set(['13', '34', '31', '16'])","set(['13', '34', '31', '16'])",set([]),set([]),subset
molio.c,fgetpdb-9,"set(['99', '90', '89', '4', '98'])","set(['99', '90', '89', '4', '98'])",set([]),set([]),subset
molio.c,putpdb-0,set(['16']),set(['16']),set([]),set([]),subset
molio.c,getmatrix-2,"set(['10', '18'])","set(['10', '18'])",set([]),set([]),subset
molio.c,getmatrix-1,"set(['8', '21'])","set(['8', '21'])",set([]),set([]),subset
molio.c,getmatrix-0,{},{},set([]),set([]),subset
molio.c,initcid-5,set(['7']),set(['7']),set([]),set([]),subset
molio.c,initcid-0,set(['33']),set(['33']),set([]),set([]),subset
molio.c,putbnd-3,set(['25']),set(['25']),set([]),set([]),subset
molio.c,getpdb-1,"set(['9', '11', '13', '12'])","set(['9', '11', '13', '12'])",set([]),set([]),subset
molio.c,getpdb-0,"set(['9', '8'])","set(['9', '8'])",set([]),set([]),subset
molio.c,fputpdb-11,{},{},set([]),set([]),subset
molio.c,fputpdb-10,{},{},set([]),set([]),subset
molio.c,putdist-10,set(['15']),set(['15']),set([]),set([]),subset
molio.c,fputcif-4,"set(['9', '11'])","set(['9', '11'])",set([]),set([]),subset
molio.c,putdist-5,"set(['36', '21', '23'])","set(['36', '21', '23'])",set([]),set([]),subset
molio.c,putdist-7,{},{},set([]),set([]),subset
molio.c,putdist-3,set(['38']),set(['38']),set([]),set([]),subset
molio.c,putdist-1,{},{},set([]),set([]),subset
molio.c,initcid-1,{},{},set([]),set([]),subset
molio.c,putpdb-1,{},{},set([]),set([]),subset
molio.c,initcid-4,set(['32']),set(['32']),set([]),set([]),subset
molio.c,putbnd-5,{},{},set([]),set([]),subset
molio.c,putcif-0,set(['10']),set(['10']),set([]),set([]),subset
molio.c,putpdb-2,"set(['9', '10', '15'])","set(['9', '10', '15'])",set([]),set([]),subset
molio.c,putcif-2,set(['7']),set(['7']),set([]),set([]),subset
molio.c,putcif-1,{},{},set([]),set([]),subset
molio.c,putdist-8,"set(['31', '5', '23'])","set(['31', '5', '23'])",set([]),set([]),subset
molio.c,makebonds-1,"set(['1', '5'])","set(['1', '5'])",set([]),set([]),subset
molio.c,makebonds-2,set(['14']),set(['14']),set([]),set([]),subset
molio.c,putpdb-3,set(['10']),set(['10']),set([]),set([]),subset
molio.c,makebonds-4,set(['13']),set(['13']),set([]),set([]),subset
molio.c,fputcif-2,set(['9']),set(['9']),set([]),set([]),subset
molio.c,putdist-4,"set(['33', '7'])","set(['33', '7'])",set([]),set([]),subset
molio.c,makebonds-3,{},{},set([]),set([]),subset
molio.c,nextcid-1,{},{},set([]),set([]),subset
molio.c,nextcid-0,set(['20']),set(['20']),set([]),set([]),subset
molio.c,putbnd-8,"set(['11', '18', '5', '21'])","set(['11', '18', '5', '21'])",set([]),set([]),subset
molio.c,putdist-0,set(['54']),set(['54']),set([]),set([]),subset
molio.c,fputpdb-3,set(['12']),set(['12']),set([]),set([]),subset
molio.c,initcid-2,set(['30']),set(['30']),set([]),set([]),subset
molio.c,putbnd-9,"set(['14', '23'])","set(['14', '23'])",set([]),set([]),subset
molio.c,putmatrix-0,set(['18']),set(['18']),set([]),set([]),subset
molio.c,putmatrix-1,set(['12']),set(['12']),set([]),set([]),subset
molio.c,putmatrix-2,"set(['8', '18'])","set(['8', '18'])",set([]),set([]),subset
molio.c,fgetpdb-7,"set(['13', '31'])","set(['13', '31'])",set([]),set([]),subset
molio.c,init_atab-0,set(['3']),set(['3']),set([]),set([]),subset
molio.c,putmatrix-3,set(['10']),set(['10']),set([]),set([]),subset
molio.c,fgetpdb-4,"set(['99', '90', '4', '98'])","set(['99', '90', '4', '98'])",set([]),set([]),subset
molio.c,init_atab-2,set(['9']),set(['9']),set([]),set([]),subset
molio.c,putbnd-2,set(['29']),set(['29']),set([]),set([]),subset
molio.c,fputpdb-13,{},{},set([]),set([]),subset
molio.c,putbnd-0,set(['42']),set(['42']),set([]),set([]),subset
molio.c,fgetpdb-5,set(['72']),set(['72']),set([]),set([]),subset
molio.c,putbnd-6,set(['39']),set(['39']),set([]),set([]),subset
molio.c,putbnd-7,"set(['11', '18', '14'])","set(['11', '18', '14'])",set([]),set([]),subset
molio.c,putbnd-4,"set(['11', '5', '21'])","set(['11', '5', '21'])",set([]),set([]),subset
molio.c,fputpdb-12,{},{},set([]),set([]),subset
molio.c,fputcif-3,set(['11']),set(['11']),set([]),set([]),subset
molio.c,fputpdb-7,"set(['10', '12', '23'])","set(['10', '12', '23'])",set([]),set([]),subset
molio.c,fputcif-1,"set(['9', '20'])","set(['9', '20'])",set([]),set([]),subset
molio.c,fputcif-0,set(['9']),set(['9']),set([]),set([]),subset
molio.c,init_atab-1,set(['3']),set(['3']),set([]),set([]),subset
molio.c,fputcif-6,"set(['9', '11', '13'])","set(['9', '11', '13'])",set([]),set([]),subset
molio.c,fputcif-5,set(['13']),set(['13']),set([]),set([]),subset
molio.c,fputpdb-6,set(['23']),set(['23']),set([]),set([]),subset
specrand.c,spec_genrand_int32-1,"set(['8', '4'])","set(['8', '4'])",set([]),set([]),subset
specrand.c,spec_genrand_int32-0,{},{},set([]),set([]),subset
specrand.c,spec_init_by_array-1,"set(['9', '4'])","set(['9', '4'])",set([]),set([]),subset
specrand.c,spec_init_by_array-0,"set(['12', '4'])","set(['12', '4'])",set([]),set([]),subset
specrand.c,spec_init_by_array-2,"set(['12', '15', '4', '7'])","set(['12', '15', '4', '7'])",set([]),set([]),subset
FinalResults,Total,1207,1197,10,****
