FileName,FuncName and Var Id,M2R-Dual,Dual-M2R
stream_decoder.c,stream_decode-1,"set(['1', '54', '114', '113', '52'])",set([])
stream_decoder.c,stream_decode-0,set(['1']),set([])
stream_decoder.c,stream_decode-3,set(['1']),set([])
stream_decoder.c,stream_decode-2,"set(['1', '54', '114', '113', '52'])",set([])
stream_decoder.c,lzma_stream_decoder-0,set(['5']),set([])
simple_coder.c,copy_or_code-0,"set(['12', '14'])",set([])
simple_coder.c,copy_or_code-1,set(['14']),set([])
simple_coder.c,simple_code-0,"set(['25', '13'])",set([])
simple_coder.c,simple_code-1,set(['25']),set([])
simple_coder.c,lzma_simple_coder_init-1,"set(['17', '16'])",set([])
simple_coder.c,lzma_simple_coder_init-0,"set(['13', '16'])",set([])
block_encoder.c,lzma_block_encoder-0,set(['5']),set([])
block_encoder.c,block_encode-1,"set(['11', '19'])",set([])
block_encoder.c,block_encode-0,"set(['11', '19'])",set([])
file_io.c,is_sparse-0,set(['7']),set([])
file_io.c,io_read-0,"set(['1', '13'])",set([])
file_io.c,io_write_buf-1,"set(['1', '14'])",set([])
file_io.c,io_write_buf-0,set(['1']),set([])
file_io.c,io_pread-1,set(['8']),set([])
file_io.c,io_read-1,"set(['1', '13'])",set([])
file_io.c,io_open_dest_real-1,set(['6']),set([])
vli_size.c,lzma_vli_size-2,set(['6']),set([])
powerpc.c,powerpc_code-0,"set(['1', '8'])",set([])
filter_encoder.c,lzma_raw_encoder-0,set(['5']),set([])
filter_encoder.c,encoder_find-0,set(['7']),set([])
filter_encoder.c,lzma_filters_update-2,set(['13']),set([])
filter_encoder.c,lzma_filters_update-1,set(['13']),set([])
lzma2_encoder.c,lzma2_encode-1,"set(['1', '27', '36', '38'])",set([])
lzma2_encoder.c,lzma2_encode-2,"set(['1', '27', '36'])",set([])
lzma2_encoder.c,lzma2_encode-0,"set(['1', '27', '36'])",set([])
lzma2_encoder.c,lzma2_encoder_init-1,set(['17']),set([])
lzma2_encoder.c,lzma2_encoder_init-0,set(['12']),set([])
common.c,lzma_code-1,set(['58']),set([])
x86.c,x86_code-8,set(['5']),set([])
x86.c,x86_code-3,"set(['44', '5', '43', '17', '40'])",set([])
x86.c,x86_code-2,"set(['39', '5', '43', '40'])",set([])
x86.c,x86_code-1,"set(['39', '22', '44', '43', '40', '5'])",set([])
x86.c,x86_code-5,set(['43']),set([])
x86.c,x86_code-4,"set(['5', '43'])",set([])
util.c,uint64_to_nicestr-0,set(['12']),set([])
util.c,str_to_uint64-1,"set(['45', '50', '49'])",set([])
util.c,str_to_uint64-3,set(['11']),set([])
crc64_small.c,crc64_init-2,set(['1']),set([])
crc64_small.c,crc64_init-3,set(['1']),set([])
crc64_small.c,crc64_init-1,set(['1']),set([])
fastpos_tablegen.c,main-4,set(['1']),set([])
fastpos_tablegen.c,main-5,set(['1']),set([])
vli_decoder.c,lzma_vli_decode-1,set(['13']),set([])
vli_decoder.c,lzma_vli_decode-0,set(['13']),set([])
alone_decoder.c,lzma_alone_decoder-0,set(['5']),set([])
alone_decoder.c,alone_decode-1,set(['1']),set([])
alone_decoder.c,alone_decode-0,set(['1']),set([])
sha256.c,lzma_sha256_update-2,set(['1']),set([])
price_tablegen.c,init_price_table-4,set(['1']),set([])
price_tablegen.c,init_price_table-1,set(['1']),set([])
price_tablegen.c,init_price_table-2,set(['1']),set([])
price_tablegen.c,init_price_table-3,set(['1']),set([])
index.c,lzma_index_stream_flags-0,set(['7']),set([])
index.c,lzma_index_stream_padding-1,set(['8']),set([])
index.c,index_tree_append-0,set(['13']),set([])
index.c,lzma_index_iter_next-3,set(['45']),set([])
index.c,lzma_index_iter_next-2,set(['45']),set([])
index.c,lzma_index_iter_next-1,set(['45']),set([])
index.c,lzma_index_iter_next-4,set(['45']),set([])
index.c,lzma_index_iter_locate-1,set(['9']),set([])
index.c,lzma_index_iter_locate-3,set(['9']),set([])
index.c,lzma_index_append-1,set(['23']),set([])
index.c,lzma_index_append-2,set(['23']),set([])
index.c,lzma_index_dup-0,"set(['3', '6'])",set([])
index.c,lzma_index_dup-1,set(['11']),set([])
index.c,lzma_index_dup-2,set(['3']),set([])
index.c,lzma_index_cat-0,set(['6']),set([])
index.c,index_dup_stream-1,"set(['11', '13', '12'])",set([])
index.c,index_dup_stream-2,"set(['11', '13', '12'])",set([])
index.c,index_dup_stream-3,set(['13']),set([])
coder.c,is_format_lzma-0,"set(['11', '9'])",set([])
coder.c,coder_init-3,"set(['36', '41'])",set([])
coder.c,coder_init-1,set(['36']),set([])
coder.c,coder_init-0,"set(['36', '34'])",set([])
coder.c,is_format_lzma-2,"set(['21', '22', '23'])",set([])
coder.c,is_format_lzma-1,"set(['11', '23'])",set([])
coder.c,coder_set_compression_settings-1,set(['49']),set([])
coder.c,is_format_lzma-3,"set(['21', '22', '23'])",set([])
coder.c,coder_set_compression_settings-0,set(['19']),set([])
coder.c,coder_normal-2,set(['1']),set([])
coder.c,coder_normal-0,"set(['1', '42', '41'])",set([])
coder.c,coder_run-0,set(['14']),set([])
lzma_encoder_optimum_fast.c,lzma_lzma_optimum_fast-9,set(['9']),set([])
lzma_encoder_optimum_fast.c,lzma_lzma_optimum_fast-8,set(['92']),set([])
lzma_encoder_optimum_fast.c,lzma_lzma_optimum_fast-1,"set(['91', '90', '92'])",set([])
lzma_encoder_optimum_fast.c,lzma_lzma_optimum_fast-0,"set(['69', '91', '90', '92', '87', '84'])",set([])
lzma_encoder_optimum_fast.c,lzma_lzma_optimum_fast-3,"set(['9', '26', '92', '29'])",set([])
lzma_encoder_optimum_fast.c,lzma_lzma_optimum_fast-2,"set(['91', '92'])",set([])
lzma_encoder_optimum_fast.c,lzma_lzma_optimum_fast-5,set(['92']),set([])
lzma_encoder_optimum_fast.c,lzma_lzma_optimum_fast-4,set(['92']),set([])
list.c,list_file-1,set(['19']),set([])
list.c,list_file-0,"set(['19', '18', '17'])",set([])
list.c,parse_check_value-2,"set(['15', '14', '17'])",set([])
list.c,parse_check_value-1,"set(['15', '14', '17', '16'])",set([])
list.c,parse_indexes-1,"set(['1', '52', '77', '76', '72', '71', '70'])",set([])
list.c,parse_indexes-2,"set(['77', '1', '72', '71', '76'])",set([])
list.c,parse_indexes-3,"set(['77', '1', '76'])",set([])
list.c,parse_indexes-6,"set(['77', '1', '76'])",set([])
list.c,parse_indexes-7,"set(['77', '1', '72', '4', '76'])",set([])
list.c,parse_indexes-8,"set(['1', '76'])",set([])
list.c,parse_indexes-9,"set(['77', '1', '72', '76'])",set([])
list.c,parse_indexes-10,"set(['77', '1', '72', '71', '76'])",set([])
list.c,get_ratio-1,set(['6']),set([])
list.c,print_info_adv-1,set(['22']),set([])
list.c,parse_block_header-2,"set(['36', '35'])",set([])
list.c,parse_block_header-3,set(['35']),set([])
list.c,parse_block_header-1,set(['36']),set([])
list.c,print_info_robot-0,"set(['13', '15'])",set([])
list.c,print_info_robot-1,set(['15']),set([])
list.c,print_info_adv-0,"set(['20', '22'])",set([])
options.c,parse_options-0,"set(['4', '40', '41'])",set([])
options.c,parse_options-4,set(['41']),set([])
options.c,parse_options-2,"set(['4', '40', '41'])",set([])
options.c,parse_options-3,"set(['4', '40', '41'])",set([])
options.c,set_lzma-0,set(['22']),set([])
options.c,parse_options-1,"set(['35', '4', '40', '41'])",set([])
lz_encoder.c,lz_encode-1,set(['1']),set([])
lz_encoder.c,lz_encode-0,set(['1']),set([])
lz_encoder.c,lz_encoder_prepare-1,"set(['42', '40', '41'])",set([])
lz_encoder.c,lz_encoder_prepare-2,set(['42']),set([])
lz_encoder.c,lz_encoder_prepare-3,set(['42']),set([])
lz_encoder.c,lz_encoder_init-1,set(['16']),set([])
lz_encoder.c,lz_encoder_update-0,set(['6']),set([])
lz_encoder.c,lzma_lz_encoder_init-0,set(['8']),set([])
lz_encoder.c,lzma_lz_encoder_init-1,set(['17']),set([])
block_util.c,lzma_block_compressed_size-1,set(['10']),set([])
block_util.c,lzma_block_unpadded_size-1,set(['16']),set([])
lzma2_decoder.c,lzma_lzma2_props_decode-1,set(['13']),set([])
lzma2_decoder.c,lzma2_decode-0,set(['1']),set([])
lzma2_decoder.c,lzma2_decode-1,set(['1']),set([])
block_buffer_decoder.c,lzma_block_buffer_decode-1,set(['20']),set([])
filter_decoder.c,decoder_find-0,set(['7']),set([])
filter_decoder.c,lzma_raw_decoder-0,set(['5']),set([])
lzma_encoder_optimum_normal.c,helper2-8,"set(['93', '137', '136', '190'])",set([])
lzma_encoder_optimum_normal.c,helper2-9,"set(['93', '137', '136', '190'])",set([])
lzma_encoder_optimum_normal.c,helper1-10,set(['9']),set([])
lzma_encoder_optimum_normal.c,lzma_lzma_optimum_normal-0,"set(['20', '21'])",set([])
lzma_encoder_optimum_normal.c,lzma_lzma_optimum_normal-1,set(['21']),set([])
lzma_encoder_optimum_normal.c,get_literal_price-0,set(['6']),set([])
lzma_encoder_optimum_normal.c,helper2-22,"set(['91', '92', '190'])",set([])
lzma_encoder_optimum_normal.c,helper2-21,set(['190']),set([])
lzma_encoder_optimum_normal.c,helper2-20,set(['190']),set([])
lzma_encoder_optimum_normal.c,helper2-25,set(['93']),set([])
lzma_encoder_optimum_normal.c,helper2-24,"set(['92', '190'])",set([])
lzma_encoder_optimum_normal.c,fill_distances_prices-6,set(['1']),set([])
lzma_encoder_optimum_normal.c,fill_distances_prices-4,set(['1']),set([])
lzma_encoder_optimum_normal.c,fill_distances_prices-3,set(['1']),set([])
lzma_encoder_optimum_normal.c,fill_distances_prices-0,set(['21']),set([])
lzma_encoder_optimum_normal.c,helper1-3,"set(['88', '89', '86', '87', '85'])",set([])
lzma_encoder_optimum_normal.c,helper1-2,"set(['52', '88', '89', '86', '87', '85'])",set([])
lzma_encoder_optimum_normal.c,helper1-1,"set(['88', '89', '86', '87', '84', '85'])",set([])
lzma_encoder_optimum_normal.c,helper1-7,set(['88']),set([])
lzma_encoder_optimum_normal.c,helper1-6,"set(['9', '88', '89', '23'])",set([])
lzma_encoder_optimum_normal.c,helper1-5,"set(['88', '89', '86', '87', '85'])",set([])
lzma_encoder_optimum_normal.c,helper1-4,"set(['88', '86', '87', '85'])",set([])
lzma_encoder_optimum_normal.c,helper2-1,"set(['153', '190', '183', '184', '178', '189'])",set([])
lzma_encoder_optimum_normal.c,helper1-9,set(['88']),set([])
lzma_encoder_optimum_normal.c,helper2-5,"set(['153', '189', '190'])",set([])
lzma_encoder_optimum_normal.c,helper2-6,"set(['189', '190'])",set([])
lzma_encoder_optimum_normal.c,helper2-7,"set(['189', '190'])",set([])
lzma_encoder_optimum_normal.c,helper2-2,"set(['153', '190', '183', '184', '178', '189'])",set([])
lzma_encoder_optimum_normal.c,fill_distances_prices-5,set(['1']),set([])
lzma_encoder_optimum_normal.c,helper2-18,"set(['93', '137', '190'])",set([])
lzma_encoder_optimum_normal.c,helper2-19,"set(['93', '137', '190'])",set([])
lzma_encoder_optimum_normal.c,helper2-3,"set(['183', '153', '189', '190', '184'])",set([])
lzma_encoder_optimum_normal.c,helper2-16,"set(['50', '49'])",set([])
lzma_encoder_optimum_normal.c,helper2-14,set(['50']),set([])
lzma_encoder_optimum_normal.c,helper2-15,"set(['50', '49'])",set([])
arm.c,arm_code-1,"set(['1', '7'])",set([])
arm.c,arm_code-0,"set(['1', '7'])",set([])
filter_buffer_decoder.c,lzma_raw_buffer_decode-2,set(['30']),set([])
filter_buffer_decoder.c,lzma_raw_buffer_decode-0,set(['11']),set([])
filter_buffer_decoder.c,lzma_raw_buffer_decode-1,"set(['30', '29'])",set([])
simple_decoder.c,lzma_simple_props_decode-1,set(['11']),set([])
armthumb.c,armthumb_code-0,"set(['1', '8'])",set([])
armthumb.c,armthumb_code-1,"set(['1', '8'])",set([])
ia64.c,ia64_code-4,"set(['1', '24', '3'])",set([])
ia64.c,ia64_code-6,"set(['1', '24', '3'])",set([])
ia64.c,ia64_code-7,set(['1']),set([])
ia64.c,ia64_code-0,"set(['1', '24', '3', '23'])",set([])
ia64.c,ia64_code-1,"set(['1', '24', '3', '23'])",set([])
ia64.c,ia64_code-2,"set(['1', '24', '3', '23'])",set([])
ia64.c,ia64_code-3,"set(['1', '24', '3'])",set([])
ia64.c,ia64_code-8,set(['1']),set([])
ia64.c,ia64_code-9,set(['1']),set([])
alone_encoder.c,alone_encoder_init-1,set(['15']),set([])
alone_encoder.c,lzma_alone_encoder-0,set(['5']),set([])
lzma_encoder.c,lzma_lzma_encoder_memusage-1,set(['6']),set([])
lzma_encoder.c,lzma_lzma_encode-1,set(['29']),set([])
lzma_encoder.c,literal_init-1,set(['1']),set([])
lzma_encoder.c,literal_init-0,set(['1']),set([])
lzma_encoder.c,lzma_lzma_encoder_reset-1,set(['38']),set([])
lzma_encoder.c,lzma_lzma_encoder_reset-2,"set(['38', '23'])",set([])
lzma_encoder.c,lzma_lzma_encoder_reset-3,set(['38']),set([])
lzma_encoder.c,lzma_lzma_encoder_reset-5,set(['38']),set([])
lzma_encoder.c,lzma_lzma_encoder_reset-6,set(['38']),set([])
lzma_encoder.c,lzma_lzma_encoder_reset-8,set(['38']),set([])
lzma_encoder.c,lzma_lzma_encoder_reset-7,"set(['8', '38'])",set([])
lzma_encoder.c,lzma_lzma_encoder_create-1,set(['15']),set([])
lzma_encoder.c,lzma_lzma_encoder_create-2,"set(['11', '15', '14'])",set([])
lzma_encoder.c,length_encoder_reset-4,set(['1']),set([])
lzma_encoder.c,length_encoder_reset-5,set(['1']),set([])
lzma_encoder.c,length_encoder_reset-0,set(['27']),set([])
lzma_encoder.c,length_encoder_reset-2,set(['1']),set([])
index_encoder.c,index_encode-1,set(['1']),set([])
index_encoder.c,lzma_index_encoder-0,set(['5']),set([])
index_encoder.c,lzma_index_buffer_encode-1,set(['11']),set([])
auto_decoder.c,lzma_auto_decoder-0,set(['5']),set([])
auto_decoder.c,auto_decode-0,"set(['25', '31', '8', '16'])",set([])
auto_decoder.c,auto_decode-1,"set(['25', '31'])",set([])
stream_buffer_encoder.c,lzma_stream_buffer_encode-1,"set(['33', '39', '38', '37', '40'])",set([])
stream_buffer_encoder.c,lzma_stream_buffer_encode-0,"set(['19', '23'])",set([])
stream_buffer_encoder.c,lzma_stream_buffer_encode-2,"set(['40', '23'])",set([])
block_header_encoder.c,lzma_block_header_size-1,"set(['37', '36'])",set([])
block_header_encoder.c,lzma_block_header_size-0,"set(['9', '7'])",set([])
block_header_encoder.c,lzma_block_header_size-3,"set(['9', '37'])",set([])
block_header_encoder.c,lzma_block_header_size-2,set(['37']),set([])
block_header_encoder.c,lzma_block_header_encode-2,"set(['13', '40'])",set([])
block_header_encoder.c,lzma_block_header_encode-0,"set(['9', '13'])",set([])
block_header_encoder.c,lzma_block_header_encode-1,"set(['39', '40'])",set([])
filter_flags_decoder.c,lzma_filter_flags_decode-0,set(['4']),set([])
block_buffer_encoder.c,block_encode_uncompressed-1,set(['13']),set([])
block_buffer_encoder.c,block_encode_uncompressed-2,set(['13']),set([])
block_buffer_encoder.c,lzma2_bound-1,set(['6']),set([])
block_buffer_encoder.c,block_encode_normal-0,set(['6']),set([])
block_buffer_encoder.c,block_encode_normal-1,set(['24']),set([])
block_buffer_encoder.c,lzma_block_buffer_encode-1,"set(['37', '36', '35'])",set([])
block_buffer_encoder.c,lzma_block_buffer_encode-0,"set(['27', '23'])",set([])
block_buffer_encoder.c,lzma_block_buffer_encode-2,"set(['27', '37'])",set([])
filter_buffer_encoder.c,lzma_raw_buffer_encode-2,set(['20']),set([])
filter_buffer_encoder.c,lzma_raw_buffer_encode-0,set(['10']),set([])
filter_buffer_encoder.c,lzma_raw_buffer_encode-1,"set(['19', '20'])",set([])
index_hash.c,lzma_index_hash_append-0,set(['9']),set([])
index_hash.c,lzma_index_hash_append-1,set(['17']),set([])
index_hash.c,lzma_index_hash_decode-0,"set(['60', '3', '58'])",set([])
index_hash.c,lzma_index_hash_decode-1,"set(['60', '62', '58', '3'])",set([])
index_hash.c,lzma_index_hash_decode-2,set(['62']),set([])
sparc.c,sparc_code-0,"set(['1', '10'])",set([])
sparc.c,sparc_code-1,"set(['1', '10'])",set([])
block_decoder.c,block_decode-1,"set(['12', '22'])",set([])
block_decoder.c,lzma_block_decoder-0,set(['5']),set([])
block_decoder.c,block_decode-0,"set(['12', '22'])",set([])
stream_flags_decoder.c,lzma_stream_header_decode-1,set(['8']),set([])
stream_flags_decoder.c,lzma_stream_footer_decode-1,set(['8']),set([])
index_decoder.c,lzma_index_decoder-0,set(['5']),set([])
index_decoder.c,lzma_index_buffer_decode-2,set(['23']),set([])
index_decoder.c,lzma_index_buffer_decode-0,set(['10']),set([])
index_decoder.c,lzma_index_buffer_decode-1,"set(['22', '23'])",set([])
index_decoder.c,index_decode-0,"set(['1', '47', '49'])",set([])
index_decoder.c,index_decode-1,"set(['1', '47', '49'])",set([])
message.c,message_filters_to_str-0,"set(['1', '26'])",set([])
message.c,message_filters_to_str-1,"set(['1', '26'])",set([])
message.c,message_filters_to_str-2,set(['1']),set([])
message.c,message_mem_needed-0,set(['9']),set([])
lz_encoder_mf.c,hc_find_func-1,"set(['1', '21', '22', '23'])",set([])
lz_encoder_mf.c,hc_find_func-0,set(['1']),set([])
lz_encoder_mf.c,hc_find_func-2,set(['1']),set([])
lz_encoder_mf.c,lzma_mf_hc3_find-1,set(['24']),set([])
lz_encoder_mf.c,lzma_mf_hc3_find-2,set(['24']),set([])
lz_encoder_mf.c,lzma_mf_bt2_find-2,set([]),set(['10'])
lz_encoder_mf.c,lzma_mf_bt2_find-1,set(['11']),set([])
lz_encoder_mf.c,lzma_mf_bt4_skip-0,set(['1']),set([])
lz_encoder_mf.c,lzma_mf_bt3_skip-2,set(['1']),set([])
lz_encoder_mf.c,lzma_mf_bt4_find-5,set(['33']),set([])
lz_encoder_mf.c,lzma_mf_hc4_find-5,set(['32']),set([])
lz_encoder_mf.c,lzma_mf_hc4_find-1,set(['32']),set([])
lz_encoder_mf.c,lzma_mf_hc4_find-2,set(['32']),set([])
lz_encoder_mf.c,bt_find_func-0,set(['1']),set([])
lz_encoder_mf.c,bt_skip_func-0,"set(['1', '25'])",set([])
lz_encoder_mf.c,bt_find_func-1,"set(['1', '27'])",set([])
lz_encoder_mf.c,bt_find_func-2,set(['1']),set([])
lz_encoder_mf.c,lzma_mf_bt4_find-2,set(['33']),set([])
lz_encoder_mf.c,lzma_mf_bt4_find-1,set(['33']),set([])
lz_encoder_mf.c,lzma_mf_bt3_find-1,set(['25']),set([])
lz_encoder_mf.c,lzma_mf_bt2_skip-2,set(['1']),set([])
lz_encoder_mf.c,bt_skip_func-1,set(['1']),set([])
lz_encoder_mf.c,lzma_mf_bt4_skip-2,set(['1']),set([])
lz_encoder_mf.c,lzma_mf_bt3_skip-0,set(['1']),set([])
lz_encoder_mf.c,lzma_mf_bt3_find-2,set(['25']),set([])
lz_encoder_mf.c,lzma_mf_find-0,"set(['11', '10'])",set([])
lz_encoder_mf.c,lzma_mf_bt2_skip-0,set(['1']),set([])
spec_mem_io.c,spec_mem_init-0,"set(['19', '6'])",set([])
spec_mem_io.c,compare_sum-2,set(['12']),set([])
spec_mem_io.c,compare_sum-1,set(['12']),set([])
spec_mem_io.c,compare_sum-0,set(['10']),set([])
spec_mem_io.c,spec_mem_free_fds-0,set(['12']),set([])
spec_mem_io.c,spec_mem_load-0,set(['30']),set([])
filter_common.c,validate_chain-1,"set(['4', '22'])",set([])
filter_common.c,lzma_raw_coder_memusage-1,set(['20']),set([])
filter_common.c,lzma_filters_copy-1,"set(['28', '20', '4', '23'])",set([])
filter_common.c,lzma_filters_copy-2,"set(['28', '27', '20', '4', '23'])",set([])
filter_common.c,lzma_filters_copy-3,set(['28']),set([])
filter_common.c,lzma_filters_copy-4,"set(['28', '20', '4'])",set([])
filter_common.c,lzma_raw_coder_memusage-0,set(['3']),set([])
filter_common.c,validate_chain-6,set(['22']),set([])
filter_common.c,validate_chain-5,set(['22']),set([])
filter_common.c,validate_chain-0,set(['4']),set([])
filter_common.c,lzma_raw_coder_init-0,set(['4']),set([])
filter_common.c,lzma_raw_coder_init-1,"set(['32', '36', '35'])",set([])
filter_common.c,lzma_raw_coder_init-2,"set(['32', '36', '35'])",set([])
filter_common.c,validate_chain-3,set(['22']),set([])
filter_common.c,validate_chain-4,set(['22']),set([])
filter_common.c,lzma_raw_coder_memusage-2,set(['20']),set([])
filter_common.c,validate_chain-2,"set(['4', '22'])",set([])
lz_decoder.c,lzma_lz_decoder_init-0,set(['8']),set([])
lz_decoder.c,lzma_lz_decoder_init-1,set(['27']),set([])
lz_decoder.c,decode_buffer-1,set(['1']),set([])
lz_decoder.c,decode_buffer-0,set(['1']),set([])
lz_decoder.c,lz_decode-1,set(['3']),set([])
lz_decoder.c,lz_decode-0,set(['3']),set([])
spec_xz.c,init_decoder-2,set(['13']),set([])
spec_xz.c,compressStream-0,"set(['25', '3', '27', '23'])",set([])
spec_xz.c,uncompressStream-0,"set(['3', '30', '28', '26'])",set([])
spec_xz.c,init_encoder-3,"set(['13', '17'])",set([])
spec_xz.c,uncompressStream-1,set(['3']),set([])
spec_xz.c,compressStream-1,set(['3']),set([])
filter_flags_encoder.c,lzma_filter_flags_size-0,set(['6']),set([])
filter_flags_encoder.c,lzma_filter_flags_size-1,set(['9']),set([])
filter_flags_encoder.c,lzma_filter_flags_encode-0,set(['6']),set([])
stream_encoder.c,lzma_stream_encoder_init-0,set(['16']),set([])
stream_encoder.c,lzma_stream_encoder_init-1,set(['21']),set([])
stream_encoder.c,lzma_stream_encoder-0,set(['5']),set([])
stream_encoder.c,stream_encode-1,set(['1']),set([])
stream_encoder.c,stream_encode-0,set(['1']),set([])
stream_encoder.c,stream_encoder_update-1,set(['23']),set([])
stream_encoder.c,stream_encoder_update-0,"set(['11', '4'])",set([])
stream_encoder.c,block_encoder_init-0,set(['4']),set([])
delta_decoder.c,lzma_delta_props_decode-1,set(['6']),set([])
stream_buffer_decoder.c,lzma_stream_buffer_decode-1,set(['25']),set([])
block_header_decoder.c,lzma_block_header_decode-2,"set(['24', '53'])",set([])
block_header_decoder.c,lzma_block_header_decode-0,"set(['24', '17'])",set([])
block_header_decoder.c,lzma_block_header_decode-1,"set(['51', '53', '52'])",set([])
FinalResults,Total,602
