FileName,FuncName and Var Id,M2R,Dual,M2R \ Dual,Dual\M2R,Comments
stream_decoder.c,stream_decode-1,"set(['54', '44', '52', '1', '114', '113'])",set(['44']),"set(['1', '54', '114', '113', '52'])",set([]),subset
stream_decoder.c,stream_decode-0,"set(['60', '20', '22', '54', '51', '52', '1', '114', '108', '64', '72', '113', '70', '91', '93', '34', '85'])","set(['20', '22', '54', '51', '52', '60', '114', '108', '64', '72', '113', '70', '91', '93', '34', '85'])",set(['1']),set([]),subset
stream_decoder.c,stream_decode-3,"set(['60', '20', '22', '54', '51', '52', '1', '114', '108', '64', '72', '113', '70', '91', '93', '34', '85'])","set(['20', '22', '54', '51', '52', '60', '114', '108', '64', '72', '113', '70', '91', '93', '34', '85'])",set(['1']),set([]),subset
stream_decoder.c,stream_decode-2,"set(['54', '42', '43', '52', '1', '114', '113'])","set(['42', '43'])","set(['1', '54', '114', '113', '52'])",set([]),subset
stream_decoder.c,stream_decoder_reset-1,set(['3']),set(['3']),set([]),set([]),subset
stream_decoder.c,stream_decoder_memconfig-1,set(['5']),set(['5']),set([]),set([]),subset
stream_decoder.c,stream_decoder_reset-0,set(['3']),set(['3']),set([]),set([]),subset
stream_decoder.c,lzma_stream_decoder-0,"set(['10', '13', '5', '14'])","set(['10', '13', '14'])",set(['5']),set([]),subset
stream_decoder.c,lzma_stream_decoder-1,"set(['10', '13', '5', '14'])","set(['10', '13', '5', '14'])",set([]),set([]),subset
stream_decoder.c,stream_decoder_memconfig-0,set(['5']),set(['5']),set([]),set([]),subset
stream_decoder.c,lzma_stream_decoder_init-0,set(['13']),set(['13']),set([]),set([]),subset
delta_common.c,lzma_delta_coder_memusage-0,set(['6']),set(['6']),set([]),set([]),subset
delta_common.c,lzma_delta_coder_memusage-1,set(['6']),set(['6']),set([]),set([]),subset
delta_common.c,lzma_delta_coder_init-0,set(['7']),set(['7']),set([]),set([]),subset
simple_coder.c,copy_or_code-0,"set(['12', '15', '14'])",set(['15']),"set(['12', '14'])",set([]),subset
simple_coder.c,copy_or_code-1,"set(['12', '15', '14'])","set(['12', '15'])",set(['14']),set([]),subset
simple_coder.c,simple_code-0,"set(['25', '13', '38', '33', '37', '29'])","set(['33', '38', '37', '29'])","set(['25', '13'])",set([]),subset
simple_coder.c,simple_code-1,"set(['25', '13', '38', '20', '33', '37', '29'])","set(['13', '38', '20', '33', '37', '29'])",set(['25']),set([]),subset
simple_coder.c,lzma_simple_coder_init-1,"set(['13', '17', '16'])",set(['13']),"set(['17', '16'])",set([]),subset
simple_coder.c,lzma_simple_coder_init-0,"set(['13', '17', '16'])",set(['17']),"set(['13', '16'])",set([]),subset
block_encoder.c,block_encoder_update-1,set(['3']),set(['3']),set([]),set([]),subset
block_encoder.c,block_encoder_update-0,set(['3']),set(['3']),set([]),set([]),subset
block_encoder.c,lzma_block_encoder-0,"set(['10', '13', '5', '14'])","set(['10', '13', '14'])",set(['5']),set([]),subset
block_encoder.c,lzma_block_encoder_init-0,set(['17']),set(['17']),set([]),set([]),subset
block_encoder.c,lzma_block_encoder-1,"set(['10', '13', '5', '14'])","set(['10', '13', '5', '14'])",set([]),set([]),subset
block_encoder.c,block_encode-1,"set(['9', '11', '24', '22', '19'])","set(['9', '24', '22'])","set(['11', '19'])",set([]),subset
block_encoder.c,block_encode-0,"set(['9', '11', '24', '22', '19'])","set(['9', '24', '22'])","set(['11', '19'])",set([]),subset
file_io.c,is_sparse-2,set(['1']),set(['1']),set([]),set([]),subset
file_io.c,is_sparse-1,set(['7']),set(['7']),set([]),set([]),subset
file_io.c,is_sparse-0,"set(['9', '7'])",set(['9']),set(['7']),set([]),subset
file_io.c,io_close-0,"set(['9', '8', '7', '11'])","set(['9', '8', '7', '11'])",set([]),set([]),subset
file_io.c,io_read-0,"set(['1', '11', '13', '14'])","set(['11', '14'])","set(['1', '13'])",set([]),subset
file_io.c,io_read-3,"set(['1', '11', '13', '14'])","set(['1', '11', '13', '14'])",set([]),set([]),subset
file_io.c,io_read-2,"set(['1', '11', '13', '14'])","set(['1', '11', '13', '14'])",set([]),set([]),subset
file_io.c,io_write_buf-3,"set(['1', '11', '14'])","set(['1', '11', '14'])",set([]),set([]),subset
file_io.c,io_write_buf-2,"set(['1', '11', '14'])","set(['1', '11', '14'])",set([]),set([]),subset
file_io.c,io_write_buf-1,"set(['1', '11', '14'])",set(['11']),"set(['1', '14'])",set([]),subset
file_io.c,io_write_buf-0,"set(['1', '11', '14'])","set(['11', '14'])",set(['1']),set([]),subset
file_io.c,io_write-0,set(['14']),set(['14']),set([]),set([]),subset
file_io.c,io_pread-1,"set(['8', '7'])",set(['7']),set(['8']),set([]),subset
file_io.c,io_open_src-0,set(['3']),set(['3']),set([]),set([]),subset
file_io.c,io_close_dest-0,set(['6']),set(['6']),set([]),set([]),subset
file_io.c,io_read-1,"set(['1', '11', '13', '14'])","set(['11', '14'])","set(['1', '13'])",set([]),subset
file_io.c,io_pread-0,"set(['8', '7'])","set(['8', '7'])",set([]),set([]),subset
file_io.c,io_open_dest_real-1,"set(['5', '6'])",set(['5']),set(['6']),set([]),subset
file_io.c,io_open_dest_real-0,"set(['5', '6'])","set(['5', '6'])",set([]),set([]),subset
file_io.c,io_open_src_real-0,set(['15']),set(['15']),set([]),set([]),subset
file_io.c,io_open_src_real-1,set(['15']),set(['15']),set([]),set([]),subset
vli_size.c,lzma_vli_size-2,"set(['3', '6'])",set(['3']),set(['6']),set([]),subset
vli_size.c,lzma_vli_size-0,set(['6']),set(['6']),set([]),set([]),subset
vli_size.c,lzma_vli_size-1,"set(['3', '6'])","set(['3', '6'])",set([]),set([]),subset
lzma_encoder_presets.c,lzma_lzma_preset-0,set(['16']),set(['16']),set([]),set([]),subset
lzma_encoder_presets.c,lzma_lzma_preset-1,set(['16']),set(['16']),set([]),set([]),subset
powerpc.c,powerpc_code-1,set(['1']),set(['1']),set([]),set([]),subset
powerpc.c,powerpc_code-0,"set(['1', '8', '7'])",set(['7']),"set(['1', '8'])",set([]),subset
filter_encoder.c,lzma_raw_encoder-1,"set(['10', '13', '5', '14'])","set(['10', '13', '5', '14'])",set([]),set([]),subset
filter_encoder.c,lzma_raw_encoder-0,"set(['10', '13', '5', '14'])","set(['10', '13', '14'])",set(['5']),set([]),subset
filter_encoder.c,lzma_properties_size-1,set(['5']),set(['5']),set([]),set([]),subset
filter_encoder.c,lzma_properties_size-0,set(['5']),set(['5']),set([]),set([]),subset
filter_encoder.c,lzma_properties_encode-1,set(['5']),set(['5']),set([]),set([]),subset
filter_encoder.c,lzma_properties_encode-0,set(['5']),set(['5']),set([]),set([]),subset
filter_encoder.c,encoder_find-2,set(['1']),set(['1']),set([]),set([]),subset
filter_encoder.c,encoder_find-1,set(['7']),set(['7']),set([]),set([]),subset
filter_encoder.c,encoder_find-0,"set(['9', '7'])",set(['9']),set(['7']),set([]),subset
filter_encoder.c,lzma_filters_update-2,"set(['13', '5'])",set(['5']),set(['13']),set([]),subset
filter_encoder.c,lzma_filters_update-0,set(['13']),set(['13']),set([]),set([]),subset
filter_encoder.c,lzma_filters_update-1,"set(['8', '13'])",set(['8']),set(['13']),set([]),subset
easy_encoder_memusage.c,lzma_easy_encoder_memusage-0,set(['3']),set(['3']),set([]),set([]),subset
easy_encoder_memusage.c,lzma_easy_encoder_memusage-1,set(['3']),set(['3']),set([]),set([]),subset
lzma2_encoder.c,lzma2_encode-1,"set(['1', '27', '20', '36', '38'])",set(['20']),"set(['1', '27', '36', '38'])",set([]),subset
lzma2_encoder.c,get_pos_slot-0,set(['5']),set(['5']),set([]),set([]),subset
lzma2_encoder.c,lzma2_encode-2,"set(['25', '27', '17', '16', '36', '1', '12', '38'])","set(['25', '38', '12', '17', '16'])","set(['1', '27', '36'])",set([]),subset
lzma2_encoder.c,lzma2_encode-0,"set(['25', '27', '17', '16', '36', '1', '12', '38'])","set(['25', '38', '12', '17', '16'])","set(['1', '27', '36'])",set([]),subset
lzma2_encoder.c,lzma_lzma2_encoder_memusage-1,set(['3']),set(['3']),set([]),set([]),subset
lzma2_encoder.c,lzma_lzma2_encoder_memusage-0,set(['3']),set(['3']),set([]),set([]),subset
lzma2_encoder.c,lzma_lzma2_props_encode-0,{},{},set([]),set([]),subset
lzma2_encoder.c,lzma2_encoder_init-1,"set(['12', '17'])",set(['12']),set(['17']),set([]),subset
lzma2_encoder.c,lzma2_encoder_init-0,"set(['12', '17'])",set(['17']),set(['12']),set([]),subset
lzma2_encoder.c,lzma2_header_lzma-0,set(['9']),set(['9']),set([]),set([]),subset
lzma2_encoder.c,lzma2_encoder_options_update-1,"set(['13', '14'])","set(['13', '14'])",set([]),set([]),subset
lzma2_encoder.c,lzma2_encoder_options_update-0,"set(['13', '14'])","set(['13', '14'])",set([]),set([]),subset
common.c,lzma_next_filter_update-0,set(['5']),set(['5']),set([]),set([]),subset
common.c,lzma_memlimit_get-0,set(['6']),set(['6']),set([]),set([]),subset
common.c,lzma_memlimit_get-1,set(['6']),set(['6']),set([]),set([]),subset
common.c,lzma_alloc-1,set(['6']),set(['6']),set([]),set([]),subset
common.c,lzma_alloc-0,set(['2']),set(['2']),set([]),set([]),subset
common.c,lzma_get_check-0,set(['3']),set(['3']),set([]),set([]),subset
common.c,lzma_code-0,set(['58']),set(['58']),set([]),set([]),subset
common.c,lzma_code-1,"set(['47', '57', '58', '49'])","set(['47', '57', '49'])",set(['58']),set([]),subset
common.c,lzma_memusage-1,set(['6']),set(['6']),set([]),set([]),subset
common.c,lzma_memusage-0,set(['6']),set(['6']),set([]),set([]),subset
common.c,lzma_memlimit_set-0,set(['8']),set(['8']),set([]),set([]),subset
common.c,lzma_memlimit_set-1,set(['8']),set(['8']),set([]),set([]),subset
common.c,lzma_strm_init-0,set(['7']),set(['7']),set([]),set([]),subset
x86.c,x86_code-8,"set(['39', '17', '22', '32', '44', '43', '40', '34', '5'])","set(['39', '17', '22', '32', '44', '43', '40', '34'])",set(['5']),set([]),subset
x86.c,x86_code-3,"set(['12', '17', '44', '43', '40', '5'])",set(['12']),"set(['44', '5', '43', '17', '40'])",set([]),subset
x86.c,x86_code-2,"set(['39', '22', '32', '44', '43', '40', '34', '5'])","set(['32', '44', '22', '34'])","set(['39', '5', '43', '40'])",set([]),subset
x86.c,x86_code-1,"set(['26', '22', '39', '44', '43', '40', '5'])",set(['26']),"set(['39', '22', '44', '43', '40', '5'])",set([]),subset
x86.c,x86_code-0,set(['43']),set(['43']),set([]),set([]),subset
x86.c,x86_code-7,"set(['44', '5', '4', '40', '43'])","set(['44', '5', '4', '40', '43'])",set([]),set([]),subset
x86.c,x86_code-6,"set(['39', '12', '17', '44', '43', '40', '38', '5'])","set(['39', '12', '17', '44', '43', '40', '38', '5'])",set([]),set([]),subset
x86.c,x86_code-5,"set(['39', '5', '43', '40', '44'])","set(['39', '5', '44', '40'])",set(['43']),set([]),subset
x86.c,x86_code-4,"set(['39', '22', '44', '43', '40', '34', '5'])","set(['39', '44', '40', '22', '34'])","set(['5', '43'])",set([]),subset
util.c,uint64_to_nicestr-1,"set(['12', '5'])","set(['12', '5'])",set([]),set([]),subset
util.c,xrealloc-0,{},{},set([]),set([]),subset
util.c,is_empty_filename-0,set(['3']),set(['3']),set([]),set([]),subset
util.c,uint64_to_nicestr-0,"set(['12', '5'])",set(['5']),set(['12']),set([]),subset
util.c,str_to_uint64-4,"set(['11', '49', '45', '50', '43', '16'])","set(['11', '49', '45', '50', '43', '16'])",set([]),set([]),subset
util.c,str_to_uint64-0,set(['50']),set(['50']),set([]),set([]),subset
util.c,str_to_uint64-1,"set(['38', '49', '33', '32', '31', '45', '50'])","set(['33', '32', '31', '38'])","set(['45', '50', '49'])",set([]),subset
util.c,str_to_uint64-2,"set(['11', '49', '45', '50', '1', '16'])","set(['11', '49', '45', '50', '1', '16'])",set([]),set([]),subset
util.c,str_to_uint64-3,"set(['11', '49', '45', '50', '43', '16'])","set(['50', '49', '45', '43', '16'])",set(['11']),set([]),subset
crc64_small.c,lzma_crc64-2,set(['5']),set(['5']),set([]),set([]),subset
crc64_small.c,lzma_crc64-0,set(['5']),set(['5']),set([]),set([]),subset
crc64_small.c,lzma_crc64-1,set(['5']),set(['5']),set([]),set([]),subset
crc64_small.c,crc64_init-2,"set(['1', '9', '4'])","set(['9', '4'])",set(['1']),set([]),subset
crc64_small.c,crc64_init-3,"set(['1', '4'])",set(['4']),set(['1']),set([]),subset
crc64_small.c,crc64_init-0,set(['1']),set(['1']),set([]),set([]),subset
crc64_small.c,crc64_init-1,set(['1']),{},set(['1']),set([]),subset
fastpos_tablegen.c,main-4,set(['1']),{},set(['1']),set([]),subset
fastpos_tablegen.c,main-5,"set(['1', '4'])",set(['4']),set(['1']),set([]),subset
fastpos_tablegen.c,main-2,"set(['1', '4'])","set(['1', '4'])",set([]),set([]),subset
fastpos_tablegen.c,main-3,set(['1']),set(['1']),set([]),set([]),subset
fastpos_tablegen.c,main-0,{},{},set([]),set([]),subset
fastpos_tablegen.c,main-1,set(['11']),set(['11']),set([]),set([]),subset
vli_decoder.c,lzma_vli_decode-1,"set(['25', '13', '21'])","set(['25', '21'])",set(['13']),set([]),subset
vli_decoder.c,lzma_vli_decode-0,"set(['25', '13', '21'])","set(['25', '21'])",set(['13']),set([]),subset
vli_decoder.c,lzma_vli_decode-2,"set(['25', '12'])","set(['25', '12'])",set([]),set([]),subset
alone_decoder.c,lzma_alone_decoder-0,"set(['10', '13', '5', '14'])","set(['10', '13', '14'])",set(['5']),set([]),subset
alone_decoder.c,lzma_alone_decoder-1,"set(['10', '13', '5', '14'])","set(['10', '13', '5', '14'])",set([]),set([]),subset
alone_decoder.c,alone_decode-1,"set(['16', '19', '18', '37', '35', '1', '32'])","set(['16', '19', '18', '37', '35', '32'])",set(['1']),set([]),subset
alone_decoder.c,alone_decode-0,"set(['16', '19', '18', '37', '35', '1', '32'])","set(['16', '19', '18', '37', '35', '32'])",set(['1']),set([]),subset
alone_decoder.c,lzma_alone_decoder_init-0,set(['11']),set(['11']),set([]),set([]),subset
alone_decoder.c,alone_decoder_memconfig-0,set(['5']),set(['5']),set([]),set([]),subset
alone_decoder.c,alone_decoder_memconfig-1,set(['5']),set(['5']),set([]),set([]),subset
sha256.c,process-0,set(['1']),set(['1']),set([]),set([]),subset
sha256.c,transform-0,set(['1']),set(['1']),set([]),set([]),subset
sha256.c,lzma_sha256_finish-1,"set(['1', '4'])","set(['1', '4'])",set([]),set([]),subset
sha256.c,lzma_sha256_finish-0,set(['6']),set(['6']),set([]),set([]),subset
sha256.c,lzma_sha256_update-1,set(['1']),set(['1']),set([]),set([]),subset
sha256.c,lzma_sha256_update-0,set(['1']),set(['1']),set([]),set([]),subset
sha256.c,lzma_sha256_update-2,"set(['1', '4'])",set(['4']),set(['1']),set([]),subset
price_tablegen.c,init_price_table-4,"set(['1', '4', '7'])","set(['4', '7'])",set(['1']),set([]),subset
price_tablegen.c,init_price_table-0,set(['1']),set(['1']),set([]),set([]),subset
price_tablegen.c,init_price_table-1,set(['1']),{},set(['1']),set([]),subset
price_tablegen.c,init_price_table-2,"set(['1', '4'])",set(['4']),set(['1']),set([]),subset
price_tablegen.c,init_price_table-3,"set(['1', '4', '7'])","set(['4', '7'])",set(['1']),set([]),subset
price_tablegen.c,print_price_table-0,set(['1']),set(['1']),set([]),set([]),subset
index.c,ctz32-0,"set(['8', '2', '4', '6'])","set(['8', '2', '4', '6'])",set([]),set([]),subset
index.c,ctz32-1,"set(['8', '2', '4', '10', '6'])","set(['8', '2', '4', '10', '6'])",set([]),set([]),subset
index.c,index_tree_locate-0,"set(['1', '5'])","set(['1', '5'])",set([]),set([]),subset
index.c,index_tree_locate-1,"set(['1', '5'])","set(['1', '5'])",set([]),set([]),subset
index.c,lzma_index_stream_flags-0,"set(['10', '7'])",set(['10']),set(['7']),set([]),subset
index.c,lzma_index_stream_flags-1,"set(['10', '7'])","set(['10', '7'])",set([]),set([]),subset
index.c,index_tree_next-1,"set(['11', '2', '6'])","set(['11', '2', '6'])",set([]),set([]),subset
index.c,index_tree_next-0,set(['11']),set(['11']),set([]),set([]),subset
index.c,lzma_index_checks-0,set(['2']),set(['2']),set([]),set([]),subset
index.c,lzma_index_memusage-0,set(['8']),set(['8']),set([]),set([]),subset
index.c,lzma_index_memusage-1,set(['8']),set(['8']),set([]),set([]),subset
index.c,lzma_index_prealloc-0,set(['2']),set(['2']),set([]),set([]),subset
index.c,lzma_index_stream_padding-0,"set(['8', '7'])","set(['8', '7'])",set([]),set([]),subset
index.c,lzma_index_stream_padding-1,"set(['8', '7'])",set(['7']),set(['8']),set([]),subset
index.c,index_file_size-1,set(['5']),set(['5']),set([]),set([]),subset
index.c,index_file_size-0,set(['5']),set(['5']),set([]),set([]),subset
index.c,index_file_size-2,set(['5']),set(['5']),set([]),set([]),subset
index.c,index_tree_append-0,"set(['13', '12', '4'])","set(['12', '4'])",set(['13']),set([]),subset
index.c,index_tree_append-1,"set(['13', '12', '4'])","set(['13', '12', '4'])",set([]),set([]),subset
index.c,lzma_index_iter_next-3,"set(['23', '33', '32', '44', '45', '34', '7', '9', '8'])","set(['23', '33', '32', '44', '34', '7', '9', '8'])",set(['45']),set([]),subset
index.c,lzma_index_iter_next-2,"set(['9', '33', '44', '45', '34'])","set(['9', '33', '44', '34'])",set(['45']),set([]),subset
index.c,lzma_index_iter_next-1,"set(['44', '45'])",set(['44']),set(['45']),set([]),subset
index.c,lzma_index_iter_next-0,"set(['44', '45'])","set(['44', '45'])",set([]),set([]),subset
index.c,lzma_index_iter_next-4,"set(['25', '12', '17', '33', '32', '44', '45', '34', '9'])","set(['25', '12', '17', '33', '32', '44', '34', '9'])",set(['45']),set([]),subset
index.c,lzma_index_iter_locate-0,set(['9']),set(['9']),set([]),set([]),subset
index.c,lzma_index_iter_locate-1,"set(['9', '3', '7'])","set(['3', '7'])",set(['9']),set([]),subset
index.c,lzma_index_iter_locate-2,set(['9']),set(['9']),set([]),set([]),subset
index.c,lzma_index_iter_locate-3,"set(['9', '3', '7'])","set(['3', '7'])",set(['9']),set([]),subset
index.c,lzma_index_iter_locate-4,set(['9']),set(['9']),set([]),set([]),subset
index.c,lzma_index_append-0,"set(['22', '23'])","set(['22', '23'])",set([]),set([]),subset
index.c,lzma_index_append-1,"set(['22', '23'])",set(['22']),set(['23']),set([]),subset
index.c,lzma_index_append-2,"set(['21', '22', '23'])","set(['21', '22'])",set(['23']),set([]),subset
index.c,bsr32-0,"set(['8', '2', '4', '6'])","set(['8', '2', '4', '6'])",set([]),set([]),subset
index.c,bsr32-1,"set(['8', '2', '4', '10', '6'])","set(['8', '2', '4', '10', '6'])",set([]),set([]),subset
index.c,lzma_index_dup-0,"set(['11', '10', '3', '6'])","set(['11', '10'])","set(['3', '6'])",set([]),subset
index.c,lzma_index_dup-1,"set(['11', '3', '6'])","set(['3', '6'])",set(['11']),set([]),subset
index.c,lzma_index_dup-2,"set(['11', '10', '3', '6'])","set(['11', '10', '6'])",set(['3']),set([]),subset
index.c,index_dup_stream-0,"set(['11', '13', '12'])","set(['11', '13', '12'])",set([]),set([]),subset
index.c,lzma_index_cat-1,"set(['18', '23', '20', '21', '6'])","set(['18', '23', '20', '21', '6'])",set([]),set([]),subset
index.c,lzma_index_cat-0,"set(['18', '23', '20', '21', '6'])","set(['18', '20', '21', '23'])",set(['6']),set([]),subset
index.c,index_dup_stream-1,"set(['11', '8', '13', '12'])",set(['8']),"set(['11', '13', '12'])",set([]),subset
index.c,index_stream_init-0,set(['3']),set(['3']),set([]),set([]),subset
index.c,index_stream_init-1,set(['3']),set(['3']),set([]),set([]),subset
index.c,lzma_index_init-0,"set(['5', '6'])","set(['5', '6'])",set([]),set([]),subset
index.c,lzma_index_init-1,"set(['5', '6'])","set(['5', '6'])",set([]),set([]),subset
index.c,index_dup_stream-2,"set(['11', '8', '13', '12'])",set(['8']),"set(['11', '13', '12'])",set([]),subset
index.c,index_dup_stream-3,"set(['11', '13', '12'])","set(['11', '12'])",set(['13']),set([]),subset
coder.c,is_format_lzma-0,"set(['11', '20', '21', '22', '23', '9'])","set(['20', '21', '22', '23'])","set(['11', '9'])",set([]),subset
coder.c,coder_init-3,"set(['13', '12', '21', '16', '19', '36', '41'])","set(['19', '13', '12', '21', '16'])","set(['36', '41'])",set([]),subset
coder.c,coder_init-2,"set(['33', '30', '36', '41', '6', '34'])","set(['33', '30', '36', '41', '6', '34'])",set([]),set([]),subset
coder.c,coder_init-1,"set(['41', '36', '34'])","set(['41', '34'])",set(['36']),set([]),subset
coder.c,coder_init-0,"set(['41', '36', '34'])",set(['41']),"set(['36', '34'])",set([]),subset
coder.c,is_format_lzma-2,"set(['12', '21', '22', '23'])",set(['12']),"set(['21', '22', '23'])",set([]),subset
coder.c,is_format_lzma-1,"set(['11', '20', '21', '22', '23', '9'])","set(['9', '20', '21', '22'])","set(['11', '23'])",set([]),subset
coder.c,coder_run-1,set(['14']),set(['14']),set([]),set([]),subset
coder.c,coder_set_compression_settings-1,"set(['33', '49'])",set(['33']),set(['49']),set([]),subset
coder.c,coder_set_compression_settings-2,"set(['40', '22', '49'])","set(['40', '22', '49'])",set([]),set([]),subset
coder.c,is_format_lzma-3,"set(['12', '21', '22', '23'])",set(['12']),"set(['21', '22', '23'])",set([]),subset
coder.c,coder_passthru-0,set(['10']),set(['10']),set([]),set([]),subset
coder.c,coder_set_compression_settings-0,"set(['19', '12'])",set(['12']),set(['19']),set([]),subset
coder.c,coder_normal-1,"set(['1', '8', '9', '42'])","set(['1', '8', '9', '42'])",set([]),set([]),subset
coder.c,coder_normal-2,"set(['1', '31', '42', '39', '41'])","set(['31', '42', '39', '41'])",set(['1']),set([]),subset
coder.c,coder_normal-3,"set(['1', '39', '42', '41'])","set(['1', '39', '42', '41'])",set([]),set([]),subset
coder.c,coder_normal-0,"set(['1', '39', '42', '41'])",set(['39']),"set(['1', '42', '41'])",set([]),subset
coder.c,coder_run-0,"set(['11', '10', '13', '12', '14'])","set(['11', '10', '13', '12'])",set(['14']),set([]),subset
lzma_encoder_optimum_fast.c,lzma_lzma_optimum_fast-9,"set(['91', '25', '26', '29', '90', '68', '89', '66', '83', '9', '69', '92', '87', '84'])","set(['25', '26', '29', '90', '91', '89', '66', '83', '68', '69', '92', '87', '84'])",set(['9']),set([]),subset
lzma_encoder_optimum_fast.c,lzma_lzma_optimum_fast-8,"set(['24', '25', '26', '29', '9', '92'])","set(['9', '24', '26', '29', '25'])",set(['92']),set([]),subset
lzma_encoder_optimum_fast.c,lzma_lzma_optimum_fast-1,"set(['91', '69', '92', '90'])",set(['69']),"set(['91', '90', '92'])",set([]),subset
lzma_encoder_optimum_fast.c,lzma_lzma_optimum_fast-0,"set(['75', '90', '91', '69', '92', '87', '84'])",set(['75']),"set(['69', '91', '90', '92', '87', '84'])",set([]),subset
lzma_encoder_optimum_fast.c,lzma_lzma_optimum_fast-3,"set(['9', '26', '92', '15', '29'])",set(['15']),"set(['9', '26', '92', '29'])",set([]),subset
lzma_encoder_optimum_fast.c,lzma_lzma_optimum_fast-2,"set(['91', '44', '92', '34'])","set(['44', '34'])","set(['91', '92'])",set([]),subset
lzma_encoder_optimum_fast.c,lzma_lzma_optimum_fast-5,"set(['24', '25', '26', '29', '9', '92'])","set(['9', '24', '26', '29', '25'])",set(['92']),set([]),subset
lzma_encoder_optimum_fast.c,lzma_lzma_optimum_fast-4,"set(['9', '92'])",set(['9']),set(['92']),set([]),subset
lzma_encoder_optimum_fast.c,lzma_lzma_optimum_fast-7,"set(['91', '90', '92'])","set(['91', '90', '92'])",set([]),set([]),subset
lzma_encoder_optimum_fast.c,lzma_lzma_optimum_fast-6,"set(['44', '43', '34', '3', '91', '92'])","set(['44', '43', '34', '3', '91', '92'])",set([]),set([]),subset
list.c,list_file-1,"set(['19', '18'])",set(['18']),set(['19']),set([]),subset
list.c,list_file-0,"set(['19', '18', '13', '14', '17'])","set(['13', '14'])","set(['19', '18', '17'])",set([]),subset
list.c,parse_check_value-2,"set(['15', '14', '17', '16'])",set(['16']),"set(['15', '14', '17'])",set([]),subset
list.c,parse_block_header-0,set(['36']),set(['36']),set([]),set([]),subset
list.c,parse_check_value-0,"set(['17', '16'])","set(['17', '16'])",set([]),set([]),subset
list.c,parse_check_value-1,"set(['9', '15', '14', '17', '16'])",set(['9']),"set(['15', '14', '17', '16'])",set([]),subset
list.c,parse_indexes-0,set(['77']),set(['77']),set([]),set([]),subset
list.c,parse_indexes-1,"set(['77', '51', '52', '1', '76', '72', '71', '70'])",set(['51']),"set(['1', '52', '77', '76', '72', '71', '70'])",set([]),subset
list.c,parse_indexes-2,"set(['77', '29', '1', '76', '72', '71'])",set(['29']),"set(['77', '1', '72', '71', '76'])",set([]),subset
list.c,parse_indexes-3,"set(['77', '32', '44', '70', '43', '1', '76', '72', '71', '47', '69'])","set(['32', '44', '43', '47', '72', '71', '70', '69'])","set(['77', '1', '76'])",set([]),subset
list.c,parse_indexes-4,"set(['77', '1', '76', '72', '71', '70'])","set(['77', '1', '76', '72', '71', '70'])",set([]),set([]),subset
list.c,parse_indexes-5,"set(['77', '12', '17', '32', '1', '76', '4', '71', '70', '72'])","set(['77', '12', '17', '32', '1', '76', '4', '71', '70', '72'])",set([]),set([]),subset
list.c,parse_indexes-6,"set(['77', '12', '17', '1', '76', '4', '72'])","set(['12', '4', '17', '72'])","set(['77', '1', '76'])",set([]),subset
list.c,parse_indexes-7,"set(['77', '12', '17', '1', '76', '4', '72'])","set(['12', '17'])","set(['77', '1', '72', '4', '76'])",set([]),subset
list.c,parse_indexes-8,"set(['77', '17', '1', '76', '72', '71', '70', '4'])","set(['17', '77', '72', '71', '70', '4'])","set(['1', '76'])",set([]),subset
list.c,parse_indexes-9,"set(['77', '32', '1', '76', '72', '71', '70'])","set(['32', '71', '70'])","set(['77', '1', '72', '76'])",set([]),subset
list.c,parse_indexes-10,"set(['77', '29', '1', '76', '72', '71'])",set(['29']),"set(['77', '1', '72', '71', '76'])",set([]),subset
list.c,print_info_adv-2,"set(['1', '4'])","set(['1', '4'])",set([]),set([]),subset
list.c,get_ratio-0,"set(['5', '6'])","set(['5', '6'])",set([]),set([]),subset
list.c,get_check_names-0,set(['1']),set(['1']),set([]),set([]),subset
list.c,get_ratio-1,"set(['5', '6'])",set(['5']),set(['6']),set([]),subset
list.c,get_check_names-1,"set(['1', '11'])","set(['1', '11'])",set([]),set([]),subset
list.c,print_info_adv-1,"set(['25', '20', '22'])","set(['25', '20'])",set(['22']),set([]),subset
list.c,parse_block_header-2,"set(['21', '35', '36'])",set(['21']),"set(['36', '35'])",set([]),subset
list.c,parse_block_header-3,"set(['36', '35'])",set(['36']),set(['35']),set([]),subset
list.c,parse_details-0,set(['5']),set(['5']),set([]),set([]),subset
list.c,parse_block_header-1,"set(['30', '36'])",set(['30']),set(['36']),set([]),subset
list.c,print_info_robot-0,"set(['18', '13', '15'])",set(['18']),"set(['13', '15'])",set([]),subset
list.c,print_info_robot-1,"set(['18', '13', '15'])","set(['18', '13'])",set(['15']),set([]),subset
list.c,print_info_adv-0,"set(['25', '20', '22'])",set(['25']),"set(['20', '22'])",set([]),subset
options.c,parse_options-0,"set(['38', '4', '40', '41'])",set(['38']),"set(['4', '40', '41'])",set([]),subset
options.c,parse_options-4,"set(['38', '4', '40', '41'])","set(['38', '4', '40'])",set(['41']),set([]),subset
options.c,parse_options-2,"set(['15', '4', '40', '41'])",set(['15']),"set(['4', '40', '41'])",set([]),subset
options.c,parse_options-3,"set(['11', '4', '40', '41'])",set(['11']),"set(['4', '40', '41'])",set([]),subset
options.c,set_lzma-0,"set(['11', '8', '22'])","set(['11', '8'])",set(['22']),set([]),subset
options.c,parse_options-1,"set(['41', '40', '4', '35', '23'])",set(['23']),"set(['35', '4', '40', '41'])",set([]),subset
lz_encoder.c,lz_encode-1,"set(['1', '19', '12', '22', '16'])","set(['19', '12', '22', '16'])",set(['1']),set([]),subset
lz_encoder.c,lz_encode-0,"set(['1', '19', '12', '22', '16'])","set(['19', '12', '22', '16'])",set(['1']),set([]),subset
lz_encoder.c,lz_encoder_prepare-0,"set(['42', '40', '41'])","set(['42', '40', '41'])",set([]),set([]),subset
lz_encoder.c,lz_encoder_prepare-1,"set(['24', '25', '26', '42', '30', '28', '40', '41'])","set(['24', '25', '26', '30', '28'])","set(['42', '40', '41'])",set([]),subset
lz_encoder.c,lz_encoder_prepare-2,"set(['42', '40', '41'])","set(['40', '41'])",set(['42']),set([]),subset
lz_encoder.c,lz_encoder_prepare-3,"set(['42', '6'])",set(['6']),set(['42']),set([]),subset
lz_encoder.c,fill_window-0,"set(['12', '7'])","set(['12', '7'])",set([]),set([]),subset
lz_encoder.c,lz_encoder_init-0,"set(['15', '16'])","set(['15', '16'])",set([]),set([]),subset
lz_encoder.c,lz_encoder_init-1,"set(['15', '16'])",set(['15']),set(['16']),set([]),subset
lz_encoder.c,lz_encoder_update-1,"set(['10', '6'])","set(['10', '6'])",set([]),set([]),subset
lz_encoder.c,lz_encoder_update-0,"set(['10', '6'])",set(['10']),set(['6']),set([]),subset
lz_encoder.c,lzma_lz_encoder_memusage-0,set(['3']),set(['3']),set([]),set([]),subset
lz_encoder.c,lzma_lz_encoder_memusage-1,set(['3']),set(['3']),set([]),set([]),subset
lz_encoder.c,lzma_lz_encoder_init-0,"set(['8', '17', '16'])","set(['17', '16'])",set(['8']),set([]),subset
lz_encoder.c,lzma_lz_encoder_init-1,"set(['8', '17', '16'])","set(['8', '16'])",set(['17']),set([]),subset
lz_encoder.c,lzma_mf_is_supported-0,"set(['8', '2', '4', '10', '6'])","set(['8', '2', '4', '10', '6'])",set([]),set([]),subset
block_util.c,lzma_block_compressed_size-1,"set(['9', '8', '10'])","set(['9', '8'])",set(['10']),set([]),subset
block_util.c,lzma_block_compressed_size-0,"set(['9', '8', '10'])","set(['9', '8', '10'])",set([]),set([]),subset
block_util.c,lzma_block_total_size-0,set(['2']),set(['2']),set([]),set([]),subset
block_util.c,lzma_block_unpadded_size-1,"set(['15', '16'])",set(['15']),set(['16']),set([]),subset
block_util.c,lzma_block_unpadded_size-0,"set(['15', '16'])","set(['15', '16'])",set([]),set([]),subset
lzma2_decoder.c,lzma_lzma2_props_decode-1,"set(['13', '12'])",set(['12']),set(['13']),set([]),subset
lzma2_decoder.c,lzma2_decoder_init-0,set(['7']),set(['7']),set([]),set([]),subset
lzma2_decoder.c,dict_write-0,set(['2']),set(['2']),set([]),set([]),subset
lzma2_decoder.c,lzma_lzma2_props_decode-0,"set(['13', '12'])","set(['13', '12'])",set([]),set([]),subset
lzma2_decoder.c,lzma2_decode-0,"set(['1', '44', '51', '29', '49'])","set(['44', '51', '29', '49'])",set(['1']),set([]),subset
lzma2_decoder.c,lzma2_decode-1,"set(['1', '44', '51', '29', '49'])","set(['44', '51', '29', '49'])",set(['1']),set([]),subset
block_buffer_decoder.c,lzma_block_buffer_decode-1,"set(['19', '18', '20', '17', '16'])","set(['19', '18', '17', '16'])",set(['20']),set([]),subset
block_buffer_decoder.c,lzma_block_buffer_decode-0,set(['20']),set(['20']),set([]),set([]),subset
stream_flags_common.c,lzma_stream_flags_compare-0,set(['17']),set(['17']),set([]),set([]),subset
vli_encoder.c,lzma_vli_encode-1,"set(['11', '16'])","set(['11', '16'])",set([]),set([]),subset
vli_encoder.c,lzma_vli_encode-0,set(['16']),set(['16']),set([]),set([]),subset
vli_encoder.c,lzma_vli_encode-3,set(['16']),set(['16']),set([]),set([]),subset
vli_encoder.c,lzma_vli_encode-2,"set(['7', '16'])","set(['7', '16'])",set([]),set([]),subset
filter_decoder.c,decoder_find-2,set(['1']),set(['1']),set([]),set([]),subset
filter_decoder.c,decoder_find-1,set(['7']),set(['7']),set([]),set([]),subset
filter_decoder.c,decoder_find-0,"set(['9', '7'])",set(['9']),set(['7']),set([]),subset
filter_decoder.c,lzma_properties_decode-0,set(['5']),set(['5']),set([]),set([]),subset
filter_decoder.c,lzma_properties_decode-1,set(['5']),set(['5']),set([]),set([]),subset
filter_decoder.c,lzma_raw_decoder-1,"set(['10', '13', '5', '14'])","set(['10', '13', '5', '14'])",set([]),set([]),subset
filter_decoder.c,lzma_raw_decoder-0,"set(['10', '13', '5', '14'])","set(['10', '13', '14'])",set(['5']),set([]),subset
lzma_encoder_optimum_normal.c,helper2-8,"set(['93', '137', '136', '190'])",{},"set(['93', '137', '136', '190'])",set([]),subset
lzma_encoder_optimum_normal.c,helper2-9,"set(['93', '137', '136', '190'])",{},"set(['93', '137', '136', '190'])",set([]),subset
lzma_encoder_optimum_normal.c,get_pure_rep_price-0,"set(['5', '6'])","set(['5', '6'])",set([]),set([]),subset
lzma_encoder_optimum_normal.c,get_pos_slot_2-0,set(['5']),set(['5']),set([]),set([]),subset
lzma_encoder_optimum_normal.c,rc_bittree_price-0,set(['1']),set(['1']),set([]),set([]),subset
lzma_encoder_optimum_normal.c,helper1-10,"set(['23', '88', '52', '62', '89', '73', '9', '80', '86', '87', '84', '85'])","set(['23', '88', '52', '62', '89', '73', '80', '86', '87', '84', '85'])",set(['9']),set([]),subset
lzma_encoder_optimum_normal.c,rc_bittree_price-1,set(['1']),set(['1']),set([]),set([]),subset
lzma_encoder_optimum_normal.c,backward-2,set(['1']),set(['1']),set([]),set([]),subset
lzma_encoder_optimum_normal.c,backward-0,set(['1']),set(['1']),set([]),set([]),subset
lzma_encoder_optimum_normal.c,backward-1,set(['1']),set(['1']),set([]),set([]),subset
lzma_encoder_optimum_normal.c,lzma_lzma_optimum_normal-0,"set(['11', '20', '21'])",set(['11']),"set(['20', '21'])",set([]),subset
lzma_encoder_optimum_normal.c,lzma_lzma_optimum_normal-1,"set(['11', '20', '21'])","set(['11', '20'])",set(['21']),set([]),subset
lzma_encoder_optimum_normal.c,lzma_lzma_optimum_normal-2,"set(['20', '21'])","set(['20', '21'])",set([]),set([]),subset
lzma_encoder_optimum_normal.c,get_literal_price-2,"set(['3', '6'])","set(['3', '6'])",set([]),set([]),subset
lzma_encoder_optimum_normal.c,get_literal_price-3,"set(['3', '6'])","set(['3', '6'])",set([]),set([]),subset
lzma_encoder_optimum_normal.c,get_literal_price-0,"set(['3', '6'])",set(['3']),set(['6']),set([]),subset
lzma_encoder_optimum_normal.c,get_literal_price-1,"set(['3', '6'])","set(['3', '6'])",set([]),set([]),subset
lzma_encoder_optimum_normal.c,helper2-23,"set(['57', '63', '62'])","set(['57', '63', '62'])",set([]),set([]),subset
lzma_encoder_optimum_normal.c,helper2-22,"set(['91', '92', '190'])",{},"set(['91', '92', '190'])",set([]),subset
lzma_encoder_optimum_normal.c,helper2-21,"set(['114', '93', '137', '190'])","set(['114', '93', '137'])",set(['190']),set([]),subset
lzma_encoder_optimum_normal.c,helper2-20,"set(['93', '190'])",set(['93']),set(['190']),set([]),subset
lzma_encoder_optimum_normal.c,helper2-25,"set(['153', '190', '183', '181', '137', '184', '93', '189'])","set(['153', '190', '183', '181', '137', '184', '189'])",set(['93']),set([]),subset
lzma_encoder_optimum_normal.c,helper2-24,"set(['92', '74', '190'])",set(['74']),"set(['92', '190'])",set([]),subset
lzma_encoder_optimum_normal.c,fill_distances_prices-6,"set(['1', '9'])",set(['9']),set(['1']),set([]),subset
lzma_encoder_optimum_normal.c,fill_align_prices-0,set(['1']),set(['1']),set([]),set([]),subset
lzma_encoder_optimum_normal.c,fill_distances_prices-4,"set(['1', '14'])",set(['14']),set(['1']),set([]),subset
lzma_encoder_optimum_normal.c,fill_distances_prices-3,"set(['1', '21'])",set(['21']),set(['1']),set([]),subset
lzma_encoder_optimum_normal.c,fill_distances_prices-2,set(['1']),set(['1']),set([]),set([]),subset
lzma_encoder_optimum_normal.c,fill_distances_prices-1,set(['21']),set(['21']),set([]),set([]),subset
lzma_encoder_optimum_normal.c,fill_distances_prices-0,"set(['24', '21'])",set(['24']),set(['21']),set([]),subset
lzma_encoder_optimum_normal.c,helper1-3,"set(['52', '88', '89', '86', '87', '85'])",set(['52']),"set(['88', '89', '86', '87', '85'])",set([]),subset
lzma_encoder_optimum_normal.c,helper1-2,"set(['57', '88', '52', '62', '89', '86', '87', '85'])","set(['57', '62'])","set(['52', '88', '89', '86', '87', '85'])",set([]),subset
lzma_encoder_optimum_normal.c,helper1-1,"set(['88', '89', '73', '79', '70', '80', '86', '87', '84', '85'])","set(['80', '73', '79', '70'])","set(['88', '89', '86', '87', '84', '85'])",set([]),subset
lzma_encoder_optimum_normal.c,helper1-0,"set(['88', '86', '87', '85'])","set(['88', '86', '87', '85'])",set([]),set([]),subset
lzma_encoder_optimum_normal.c,helper1-7,"set(['9', '88'])",set(['9']),set(['88']),set([]),subset
lzma_encoder_optimum_normal.c,helper1-6,"set(['9', '88', '89', '15', '23'])",set(['15']),"set(['9', '88', '89', '23'])",set([]),subset
lzma_encoder_optimum_normal.c,helper1-5,"set(['44', '88', '89', '86', '87', '85'])",set(['44']),"set(['88', '89', '86', '87', '85'])",set([]),subset
lzma_encoder_optimum_normal.c,helper1-4,"set(['49', '88', '89', '73', '86', '87', '84', '85'])","set(['89', '73', '84', '49'])","set(['88', '86', '87', '85'])",set([]),subset
lzma_encoder_optimum_normal.c,helper2-0,set(['190']),set(['190']),set([]),set([]),subset
lzma_encoder_optimum_normal.c,helper2-1,"set(['153', '190', '183', '184', '178', '189'])",{},"set(['153', '190', '183', '184', '178', '189'])",set([]),subset
lzma_encoder_optimum_normal.c,helper1-9,"set(['9', '88', '89', '22', '23'])","set(['9', '89', '22', '23'])",set(['88']),set([]),subset
lzma_encoder_optimum_normal.c,helper1-8,set(['3']),set(['3']),set([]),set([]),subset
lzma_encoder_optimum_normal.c,helper2-4,"set(['147', '153', '189', '173', '190', '183', '131', '137', '136', '184', '178', '91', '93', '92', '86', '105'])","set(['147', '153', '189', '173', '190', '183', '131', '137', '136', '184', '178', '91', '93', '92', '86', '105'])",set([]),set([]),subset
lzma_encoder_optimum_normal.c,helper2-5,"set(['153', '190', '183', '184', '178', '189'])","set(['183', '184', '178'])","set(['153', '189', '190'])",set([]),subset
lzma_encoder_optimum_normal.c,helper2-6,"set(['153', '189', '190'])",set(['153']),"set(['189', '190'])",set([]),subset
lzma_encoder_optimum_normal.c,helper2-7,"set(['150', '153', '190', '183', '184', '189'])","set(['150', '153', '184', '183'])","set(['189', '190'])",set([]),subset
lzma_encoder_optimum_normal.c,helper2-2,"set(['153', '190', '183', '184', '178', '189'])",{},"set(['153', '190', '183', '184', '178', '189'])",set([]),subset
lzma_encoder_optimum_normal.c,fill_distances_prices-5,"set(['1', '4'])",set(['4']),set(['1']),set([]),subset
lzma_encoder_optimum_normal.c,get_pos_slot-0,set(['5']),set(['5']),set([]),set([]),subset
lzma_encoder_optimum_normal.c,rc_bittree_reverse_price-1,set(['1']),set(['1']),set([]),set([]),subset
lzma_encoder_optimum_normal.c,rc_bittree_reverse_price-0,set(['1']),set(['1']),set([]),set([]),subset
lzma_encoder_optimum_normal.c,rc_bittree_reverse_price-3,set(['1']),set(['1']),set([]),set([]),subset
lzma_encoder_optimum_normal.c,rc_bittree_reverse_price-2,set(['1']),set(['1']),set([]),set([]),subset
lzma_encoder_optimum_normal.c,get_pos_len_price-0,set(['6']),set(['6']),set([]),set([]),subset
lzma_encoder_optimum_normal.c,helper2-18,"set(['93', '137', '118', '190'])",set(['118']),"set(['93', '137', '190'])",set([]),subset
lzma_encoder_optimum_normal.c,helper2-19,"set(['99', '93', '137', '108', '190'])","set(['99', '108'])","set(['93', '137', '190'])",set([]),subset
lzma_encoder_optimum_normal.c,helper2-3,"set(['153', '190', '183', '184', '189', '160'])",set(['160']),"set(['183', '153', '189', '190', '184'])",set([]),subset
lzma_encoder_optimum_normal.c,helper2-12,"set(['33', '15', '50'])","set(['33', '15', '50'])",set([]),set([]),subset
lzma_encoder_optimum_normal.c,helper2-13,"set(['25', '15', '33', '32', '50', '5', '7'])","set(['25', '15', '33', '32', '50', '5', '7'])",set([]),set([]),subset
lzma_encoder_optimum_normal.c,helper2-10,"set(['145', '142', '190'])","set(['145', '142', '190'])",set([]),set([]),subset
lzma_encoder_optimum_normal.c,helper2-11,"set(['145', '190'])","set(['145', '190'])",set([]),set([]),subset
lzma_encoder_optimum_normal.c,helper2-16,"set(['44', '50', '49'])",set(['44']),"set(['50', '49'])",set([]),subset
lzma_encoder_optimum_normal.c,helper2-17,set(['51']),set(['51']),set([]),set([]),subset
lzma_encoder_optimum_normal.c,helper2-14,"set(['33', '50'])",set(['33']),set(['50']),set([]),subset
lzma_encoder_optimum_normal.c,helper2-15,"set(['39', '50', '35', '49'])","set(['39', '35'])","set(['50', '49'])",set([]),subset
tuklib_mbstr_fw.c,tuklib_mbstr_fw-0,set(['7']),set(['7']),set([]),set([]),subset
tuklib_mbstr_fw.c,tuklib_mbstr_fw-1,set(['7']),set(['7']),set([]),set([]),subset
arm.c,arm_code-2,set(['1']),set(['1']),set([]),set([]),subset
arm.c,arm_code-1,"set(['1', '7'])",{},"set(['1', '7'])",set([]),subset
arm.c,arm_code-0,"set(['1', '7', '6'])",set(['6']),"set(['1', '7'])",set([]),subset
filter_buffer_decoder.c,lzma_raw_buffer_decode-2,"set(['11', '30', '29'])","set(['11', '29'])",set(['30']),set([]),subset
filter_buffer_decoder.c,lzma_raw_buffer_decode-0,"set(['11', '30', '29'])","set(['30', '29'])",set(['11']),set([]),subset
filter_buffer_decoder.c,lzma_raw_buffer_decode-1,"set(['24', '25', '26', '27', '30', '28', '29'])","set(['24', '25', '26', '27', '28'])","set(['30', '29'])",set([]),subset
stream_flags_encoder.c,lzma_stream_footer_encode-0,set(['7']),set(['7']),set([]),set([]),subset
stream_flags_encoder.c,lzma_stream_header_encode-0,set(['5']),set(['5']),set([]),set([]),subset
stream_flags_encoder.c,stream_flags_encode-0,set(['3']),set(['3']),set([]),set([]),subset
simple_decoder.c,lzma_simple_props_decode-0,"set(['11', '10'])","set(['11', '10'])",set([]),set([]),subset
simple_decoder.c,lzma_simple_props_decode-1,"set(['11', '10'])",set(['10']),set(['11']),set([]),subset
armthumb.c,armthumb_code-2,"set(['1', '8'])","set(['1', '8'])",set([]),set([]),subset
armthumb.c,armthumb_code-0,"set(['1', '8', '7'])",set(['7']),"set(['1', '8'])",set([]),subset
armthumb.c,armthumb_code-1,"set(['1', '8'])",{},"set(['1', '8'])",set([]),subset
delta_encoder.c,delta_encode-0,set(['8']),set(['8']),set([]),set([]),subset
delta_encoder.c,lzma_delta_props_encode-0,set(['3']),set(['3']),set([]),set([]),subset
delta_encoder.c,copy_and_encode-0,set(['1']),set(['1']),set([]),set([]),subset
delta_encoder.c,encode_in_place-0,set(['1']),set(['1']),set([]),set([]),subset
ia64.c,ia64_code-4,"set(['1', '8', '3', '24'])",set(['8']),"set(['1', '24', '3'])",set([]),subset
ia64.c,ia64_code-5,set(['1']),set(['1']),set([]),set([]),subset
ia64.c,ia64_code-6,"set(['1', '8', '3', '24', '23'])","set(['8', '23'])","set(['1', '24', '3'])",set([]),subset
ia64.c,ia64_code-7,"set(['1', '24', '3', '23'])","set(['24', '3', '23'])",set(['1']),set([]),subset
ia64.c,ia64_code-0,"set(['1', '18', '3', '24', '23'])",set(['18']),"set(['1', '24', '3', '23'])",set([]),subset
ia64.c,ia64_code-1,"set(['1', '24', '3', '17', '23'])",set(['17']),"set(['1', '24', '3', '23'])",set([]),subset
ia64.c,ia64_code-2,"set(['1', '24', '3', '23'])",{},"set(['1', '24', '3', '23'])",set([]),subset
ia64.c,ia64_code-3,"set(['1', '24', '3', '23'])",set(['23']),"set(['1', '24', '3'])",set([]),subset
ia64.c,ia64_code-8,"set(['1', '3'])",set(['3']),set(['1']),set([]),subset
ia64.c,ia64_code-9,"set(['1', '3'])",set(['3']),set(['1']),set([]),subset
alone_encoder.c,alone_encode-1,set(['10']),set(['10']),set([]),set([]),subset
alone_encoder.c,alone_encode-0,set(['10']),set(['10']),set([]),set([]),subset
alone_encoder.c,alone_encoder_init-0,set(['15']),set(['15']),set([]),set([]),subset
alone_encoder.c,alone_encoder_init-1,"set(['15', '14'])",set(['14']),set(['15']),set([]),subset
alone_encoder.c,lzma_alone_encoder-0,"set(['10', '13', '5', '14'])","set(['10', '13', '14'])",set(['5']),set([]),subset
alone_encoder.c,lzma_alone_encoder-1,"set(['10', '13', '5', '14'])","set(['10', '13', '5', '14'])",set([]),set([]),subset
lzma_encoder.c,length-0,"set(['5', '6'])","set(['5', '6'])",set([]),set([]),subset
lzma_encoder.c,lzma_encode-1,set(['3']),set(['3']),set([]),set([]),subset
lzma_encoder.c,get_pos_slot-0,set(['5']),set(['5']),set([]),set([]),subset
lzma_encoder.c,lzma_lzma_props_encode-0,set(['3']),set(['3']),set([]),set([]),subset
lzma_encoder.c,lzma_lzma_props_encode-1,set(['3']),set(['3']),set([]),set([]),subset
lzma_encoder.c,literal_matched-2,set(['1']),set(['1']),set([]),set([]),subset
lzma_encoder.c,rc_bittree_reverse-0,set(['1']),set(['1']),set([]),set([]),subset
lzma_encoder.c,rc_shift_low-0,set(['9']),set(['9']),set([]),set([]),subset
lzma_encoder.c,literal_matched-1,set(['1']),set(['1']),set([]),set([]),subset
lzma_encoder.c,lzma_lzma_lclppb_encode-0,set(['3']),set(['3']),set([]),set([]),subset
lzma_encoder.c,rc_bittree_price-0,set(['1']),set(['1']),set([]),set([]),subset
lzma_encoder.c,rc_bittree_price-1,set(['1']),set(['1']),set([]),set([]),subset
lzma_encoder.c,lzma_lzma_encoder_memusage-0,"set(['5', '6'])","set(['5', '6'])",set([]),set([]),subset
lzma_encoder.c,lzma_lzma_encoder_memusage-1,"set(['5', '6'])",set(['5']),set(['6']),set([]),subset
lzma_encoder.c,rc_flush-0,set(['1']),set(['1']),set([]),set([]),subset
lzma_encoder.c,rc_bittree-1,set(['1']),set(['1']),set([]),set([]),subset
lzma_encoder.c,rc_encode-0,set(['20']),set(['20']),set([]),set([]),subset
lzma_encoder.c,lzma_encode-0,set(['3']),set(['3']),set([]),set([]),subset
lzma_encoder.c,rc_bittree_reverse-1,set(['1']),set(['1']),set([]),set([]),subset
lzma_encoder.c,lzma_lzma_encode-1,"set(['4', '29'])",set(['4']),set(['29']),set([]),subset
lzma_encoder.c,lzma_lzma_encode-0,"set(['28', '29'])","set(['28', '29'])",set([]),set([]),subset
lzma_encoder.c,literal_init-1,set(['1']),{},set(['1']),set([]),subset
lzma_encoder.c,literal_init-0,"set(['1', '4'])",set(['4']),set(['1']),set([]),subset
lzma_encoder.c,literal_matched-0,set(['1']),set(['1']),set([]),set([]),subset
lzma_encoder.c,length_update_prices-0,"set(['1', '13', '7'])","set(['1', '13', '7'])",set([]),set([]),subset
lzma_encoder.c,rc_bittree_reverse-2,set(['1']),set(['1']),set([]),set([]),subset
lzma_encoder.c,rc_direct-0,set(['1']),set(['1']),set([]),set([]),subset
lzma_encoder.c,lzma_lzma_encoder_reset-0,set(['38']),set(['38']),set([]),set([]),subset
lzma_encoder.c,lzma_lzma_encoder_reset-1,"set(['33', '38'])",set(['33']),set(['38']),set([]),subset
lzma_encoder.c,lzma_lzma_encoder_reset-2,"set(['26', '38', '23'])",set(['26']),"set(['38', '23'])",set([]),subset
lzma_encoder.c,lzma_lzma_encoder_reset-3,"set(['38', '23'])",set(['23']),set(['38']),set([]),subset
lzma_encoder.c,lzma_lzma_encoder_reset-4,"set(['8', '38', '23'])","set(['8', '38', '23'])",set([]),set([]),subset
lzma_encoder.c,lzma_lzma_encoder_reset-5,"set(['3', '38'])",set(['3']),set(['38']),set([]),subset
lzma_encoder.c,lzma_lzma_encoder_reset-6,"set(['8', '38'])",set(['8']),set(['38']),set([]),subset
lzma_encoder.c,literal_init-2,set(['1']),set(['1']),set([]),set([]),subset
lzma_encoder.c,lzma_lzma_encoder_reset-8,"set(['18', '38'])",set(['18']),set(['38']),set([]),subset
lzma_encoder.c,lzma_lzma_encoder_reset-7,"set(['11', '8', '38'])",set(['11']),"set(['8', '38'])",set([]),subset
lzma_encoder.c,encode_init-1,set(['6']),set(['6']),set([]),set([]),subset
lzma_encoder.c,encode_init-0,set(['6']),set(['6']),set([]),set([]),subset
lzma_encoder.c,rc_bittree-0,set(['1']),set(['1']),set([]),set([]),subset
lzma_encoder.c,lzma_lzma_encode-2,"set(['28', '29'])","set(['28', '29'])",set([]),set([]),subset
lzma_encoder.c,lzma_lzma_encoder_create-0,"set(['15', '14'])","set(['15', '14'])",set([]),set([]),subset
lzma_encoder.c,lzma_lzma_encoder_create-1,"set(['15', '14'])",set(['14']),set(['15']),set([]),subset
lzma_encoder.c,lzma_lzma_encoder_create-2,"set(['11', '15', '14', '7'])",set(['7']),"set(['11', '15', '14'])",set([]),subset
lzma_encoder.c,length_encoder_reset-4,"set(['1', '27'])",set(['27']),set(['1']),set([]),subset
lzma_encoder.c,length_encoder_reset-5,"set(['1', '4'])",set(['4']),set(['1']),set([]),subset
lzma_encoder.c,length_encoder_reset-0,"set(['27', '22'])",set(['22']),set(['27']),set([]),subset
lzma_encoder.c,length_encoder_reset-1,set(['16']),set(['16']),set([]),set([]),subset
lzma_encoder.c,length_encoder_reset-2,"set(['1', '9'])",set(['9']),set(['1']),set([]),subset
lzma_encoder.c,length_encoder_reset-3,set(['1']),set(['1']),set([]),set([]),subset
index_encoder.c,index_encode-0,set(['31']),set(['31']),set([]),set([]),subset
index_encoder.c,index_encode-1,"set(['17', '31', '30', '28', '1', '7'])","set(['31', '30', '28', '17', '7'])",set(['1']),set([]),subset
index_encoder.c,index_encode-2,"set(['17', '31', '30', '28', '1', '7'])","set(['17', '31', '30', '28', '1', '7'])",set([]),set([]),subset
index_encoder.c,lzma_index_encoder-1,"set(['10', '13', '5', '14'])","set(['10', '13', '5', '14'])",set([]),set([]),subset
index_encoder.c,lzma_index_encoder-0,"set(['10', '13', '5', '14'])","set(['10', '13', '14'])",set(['5']),set([]),subset
index_encoder.c,lzma_index_buffer_encode-1,"set(['11', '10'])",set(['10']),set(['11']),set([]),subset
index_encoder.c,lzma_index_buffer_encode-0,set(['11']),set(['11']),set([]),set([]),subset
index_encoder.c,lzma_index_encoder_init-0,set(['11']),set(['11']),set([]),set([]),subset
simple_encoder.c,lzma_simple_props_encode-0,set(['4']),set(['4']),set([]),set([]),subset
simple_encoder.c,lzma_simple_props_encode-1,set(['4']),set(['4']),set([]),set([]),subset
auto_decoder.c,auto_decoder_memconfig-0,set(['3']),set(['3']),set([]),set([]),subset
auto_decoder.c,auto_decoder_init-0,set(['13']),set(['13']),set([]),set([]),subset
auto_decoder.c,lzma_auto_decoder-1,"set(['10', '13', '5', '14'])","set(['10', '13', '5', '14'])",set([]),set([]),subset
auto_decoder.c,lzma_auto_decoder-0,"set(['10', '13', '5', '14'])","set(['10', '13', '14'])",set(['5']),set([]),subset
auto_decoder.c,auto_decode-0,"set(['24', '25', '16', '31', '29', '35', '8'])","set(['24', '29', '35'])","set(['25', '31', '8', '16'])",set([]),subset
auto_decoder.c,auto_decode-1,"set(['24', '25', '16', '31', '29', '35', '8'])","set(['24', '8', '29', '35', '16'])","set(['25', '31'])",set([]),subset
easy_decoder_memusage.c,lzma_easy_decoder_memusage-0,set(['3']),set(['3']),set([]),set([]),subset
easy_decoder_memusage.c,lzma_easy_decoder_memusage-1,set(['3']),set(['3']),set([]),set([]),subset
stream_buffer_encoder.c,lzma_stream_buffer_encode-1,"set(['39', '27', '33', '37', '29', '40', '38'])","set(['27', '29'])","set(['33', '39', '38', '37', '40'])",set([]),subset
stream_buffer_encoder.c,lzma_stream_buffer_encode-0,"set(['39', '38', '23', '19', '32', '37', '40', '33'])","set(['39', '38', '33', '32', '37', '40'])","set(['19', '23'])",set([]),subset
stream_buffer_encoder.c,lzma_stream_buffer_encode-3,"set(['39', '40'])","set(['39', '40'])",set([]),set([]),subset
stream_buffer_encoder.c,lzma_stream_buffer_encode-2,"set(['39', '38', '23', '19', '32', '37', '40', '33'])","set(['39', '38', '19', '32', '37', '33'])","set(['40', '23'])",set([]),subset
stream_buffer_encoder.c,lzma_stream_buffer_bound-0,set(['5']),set(['5']),set([]),set([]),subset
stream_buffer_encoder.c,lzma_stream_buffer_bound-1,set(['5']),set(['5']),set([]),set([]),subset
block_header_encoder.c,lzma_block_header_size-1,"set(['19', '37', '36'])",set(['19']),"set(['37', '36'])",set([]),subset
block_header_encoder.c,lzma_block_header_size-0,"set(['13', '27', '15', '19', '37', '36', '34', '7', '9'])","set(['13', '27', '15', '19', '37', '36', '34'])","set(['9', '7'])",set([]),subset
block_header_encoder.c,lzma_block_header_size-3,"set(['13', '27', '15', '19', '31', '37', '36', '34', '7', '9'])","set(['13', '27', '15', '19', '31', '36', '34', '7'])","set(['9', '37'])",set([]),subset
block_header_encoder.c,lzma_block_header_size-2,"set(['13', '15', '19', '31', '37', '36', '34', '7', '9'])","set(['13', '15', '19', '31', '36', '34', '7', '9'])",set(['37']),set([]),subset
block_header_encoder.c,lzma_block_header_encode-2,"set(['13', '38', '39', '22', '18', '26', '40', '32', '9'])","set(['26', '38', '22', '18', '39', '32', '9'])","set(['13', '40'])",set([]),subset
block_header_encoder.c,lzma_block_header_encode-0,"set(['13', '38', '39', '22', '18', '26', '40', '32', '9'])","set(['26', '38', '22', '18', '39', '40', '32'])","set(['9', '13'])",set([]),subset
block_header_encoder.c,lzma_block_header_encode-1,"set(['26', '38', '39', '40'])","set(['26', '38'])","set(['39', '40'])",set([]),subset
filter_flags_decoder.c,lzma_filter_flags_decode-1,"set(['19', '18', '12', '4'])","set(['19', '18', '12', '4'])",set([]),set([]),subset
filter_flags_decoder.c,lzma_filter_flags_decode-0,"set(['19', '18', '12', '4'])","set(['19', '18', '12'])",set(['4']),set([]),subset
easy_buffer_encoder.c,lzma_easy_buffer_encode-1,set(['3']),set(['3']),set([]),set([]),subset
easy_buffer_encoder.c,lzma_easy_buffer_encode-0,set(['3']),set(['3']),set([]),set([]),subset
check.c,lzma_check_is_supported-0,set(['3']),set(['3']),set([]),set([]),subset
check.c,lzma_check_size-0,set(['3']),set(['3']),set([]),set([]),subset
crc64_fast.c,lzma_crc64-2,"set(['9', '8', '2', '5'])","set(['9', '8', '2', '5'])",set([]),set([]),subset
crc64_fast.c,lzma_crc64-0,"set(['9', '8', '2', '5'])","set(['9', '8', '2', '5'])",set([]),set([]),subset
crc64_fast.c,lzma_crc64-1,"set(['9', '8', '2'])","set(['9', '8', '2'])",set([]),set([]),subset
block_buffer_encoder.c,block_encode_uncompressed-1,"set(['13', '7'])",set(['7']),set(['13']),set([]),subset
block_buffer_encoder.c,block_encode_uncompressed-0,set(['13']),set(['13']),set([]),set([]),subset
block_buffer_encoder.c,block_encode_uncompressed-3,set(['13']),set(['13']),set([]),set([]),subset
block_buffer_encoder.c,block_encode_uncompressed-2,"set(['13', '7'])",set(['7']),set(['13']),set([]),subset
block_buffer_encoder.c,lzma_block_buffer_bound-0,set(['3']),set(['3']),set([]),set([]),subset
block_buffer_encoder.c,lzma_block_buffer_bound-1,set(['3']),set(['3']),set([]),set([]),subset
block_buffer_encoder.c,lzma_block_buffer_bound-2,set(['3']),set(['3']),set([]),set([]),subset
block_buffer_encoder.c,lzma2_bound-1,"set(['5', '6'])",set(['5']),set(['6']),set([]),subset
block_buffer_encoder.c,lzma2_bound-0,"set(['5', '6'])","set(['5', '6'])",set([]),set([]),subset
block_buffer_encoder.c,block_encode_normal-0,"set(['24', '6'])",set(['24']),set(['6']),set([]),subset
block_buffer_encoder.c,block_encode_normal-1,"set(['24', '20', '14', '17', '21'])","set(['20', '14', '17', '21'])",set(['24']),set([]),subset
block_buffer_encoder.c,block_encode_normal-2,"set(['24', '6'])","set(['24', '6'])",set([]),set([]),subset
block_buffer_encoder.c,block_encode_normal-3,"set(['24', '12'])","set(['24', '12'])",set([]),set([]),subset
block_buffer_encoder.c,lzma_block_buffer_encode-1,"set(['37', '28', '36', '35'])",set(['28']),"set(['37', '36', '35'])",set([]),subset
block_buffer_encoder.c,lzma_block_buffer_encode-0,"set(['27', '37', '36', '35', '23'])","set(['37', '36', '35'])","set(['27', '23'])",set([]),subset
block_buffer_encoder.c,lzma_block_buffer_encode-3,"set(['37', '36'])","set(['37', '36'])",set([]),set([]),subset
block_buffer_encoder.c,lzma_block_buffer_encode-2,"set(['27', '37', '36', '35', '23'])","set(['36', '35', '23'])","set(['27', '37'])",set([]),subset
hardware.c,hardware_memlimit_set-0,set(['2']),set(['2']),set([]),set([]),subset
filter_buffer_encoder.c,lzma_raw_buffer_encode-2,"set(['19', '10', '20'])","set(['19', '10'])",set(['20']),set([]),subset
filter_buffer_encoder.c,lzma_raw_buffer_encode-0,"set(['19', '10', '20'])","set(['19', '20'])",set(['10']),set([]),subset
filter_buffer_encoder.c,lzma_raw_buffer_encode-1,"set(['19', '18', '20', '17'])","set(['18', '17'])","set(['19', '20'])",set([]),subset
index_hash.c,lzma_index_hash_append-0,"set(['9', '17'])",set(['17']),set(['9']),set([]),subset
index_hash.c,lzma_index_hash_append-1,"set(['9', '17'])",set(['9']),set(['17']),set([]),subset
index_hash.c,lzma_index_hash_decode-0,"set(['27', '58', '62', '36', '35', '60', '61', '3'])","set(['61', '62', '27', '36', '35'])","set(['60', '3', '58'])",set([]),subset
index_hash.c,lzma_index_hash_decode-1,"set(['27', '58', '62', '36', '35', '60', '61', '3'])","set(['61', '27', '36', '35'])","set(['60', '62', '58', '3'])",set([]),subset
index_hash.c,lzma_index_hash_init-0,set(['5']),set(['5']),set([]),set([]),subset
index_hash.c,lzma_index_hash_init-1,"set(['5', '4'])","set(['5', '4'])",set([]),set([]),subset
index_hash.c,lzma_index_hash_decode-2,"set(['58', '62', '36', '60', '61', '3'])","set(['60', '61', '3', '36', '58'])",set(['62']),set([]),subset
sparc.c,sparc_code-2,set(['1']),set(['1']),set([]),set([]),subset
sparc.c,sparc_code-0,"set(['1', '9', '10'])",set(['9']),"set(['1', '10'])",set([]),subset
sparc.c,sparc_code-1,"set(['1', '10'])",{},"set(['1', '10'])",set([]),subset
easy_encoder.c,lzma_easy_encoder-0,set(['3']),set(['3']),set([]),set([]),subset
easy_encoder.c,lzma_easy_encoder-1,set(['3']),set(['3']),set([]),set([]),subset
block_decoder.c,lzma_block_decoder_init-0,set(['16']),set(['16']),set([]),set([]),subset
block_decoder.c,block_decode-1,"set(['10', '12', '28', '22', '30'])","set(['10', '30', '28'])","set(['12', '22'])",set([]),subset
block_decoder.c,lzma_block_decoder-1,"set(['10', '13', '5', '14'])","set(['10', '13', '5', '14'])",set([]),set([]),subset
block_decoder.c,update_size-1,set(['2']),set(['2']),set([]),set([]),subset
block_decoder.c,update_size-0,set(['6']),set(['6']),set([]),set([]),subset
block_decoder.c,lzma_block_decoder-0,"set(['10', '13', '5', '14'])","set(['10', '13', '14'])",set(['5']),set([]),subset
block_decoder.c,block_decode-0,"set(['10', '12', '28', '22', '30'])","set(['10', '30', '28'])","set(['12', '22'])",set([]),subset
stream_flags_decoder.c,lzma_stream_header_decode-0,"set(['8', '7'])","set(['8', '7'])",set([]),set([]),subset
stream_flags_decoder.c,lzma_stream_header_decode-1,"set(['8', '7'])",set(['7']),set(['8']),set([]),subset
stream_flags_decoder.c,lzma_stream_footer_decode-0,"set(['8', '7'])","set(['8', '7'])",set([]),set([]),subset
stream_flags_decoder.c,lzma_stream_footer_decode-1,"set(['8', '7'])",set(['7']),set(['8']),set([]),subset
stream_flags_decoder.c,stream_flags_decode-0,set(['4']),set(['4']),set([]),set([]),subset
index_decoder.c,lzma_index_decoder-1,"set(['10', '13', '5', '14'])","set(['10', '13', '5', '14'])",set([]),set([]),subset
index_decoder.c,lzma_index_decoder-0,"set(['10', '13', '5', '14'])","set(['10', '13', '14'])",set(['5']),set([]),subset
index_decoder.c,lzma_index_buffer_decode-2,"set(['10', '22', '23'])","set(['10', '22'])",set(['23']),set([]),subset
index_decoder.c,index_decoder_reset-1,set(['3']),set(['3']),set([]),set([]),subset
index_decoder.c,lzma_index_buffer_decode-0,"set(['10', '22', '23'])","set(['22', '23'])",set(['10']),set([]),subset
index_decoder.c,lzma_index_buffer_decode-1,"set(['20', '21', '22', '23'])","set(['20', '21'])","set(['22', '23'])",set([]),subset
index_decoder.c,index_decoder_reset-0,set(['3']),set(['3']),set([]),set([]),subset
index_decoder.c,index_decode-0,"set(['26', '49', '47', '31', '30', '50', '1'])","set(['26', '30', '31', '50'])","set(['1', '47', '49'])",set([]),subset
index_decoder.c,index_decoder_init-0,set(['13']),set(['13']),set([]),set([]),subset
index_decoder.c,index_decode-2,"set(['49', '47', '31', '50', '1', '9'])","set(['49', '47', '31', '50', '1', '9'])",set([]),set([]),subset
index_decoder.c,index_decode-1,"set(['26', '49', '47', '31', '30', '50', '1'])","set(['26', '30', '31', '50'])","set(['1', '47', '49'])",set([]),subset
index_decoder.c,index_decoder_memconfig-1,set(['5']),set(['5']),set([]),set([]),subset
index_decoder.c,index_decoder_memconfig-0,set(['5']),set(['5']),set([]),set([]),subset
message.c,message_strm-0,set(['11']),set(['11']),set([]),set([]),subset
message.c,message_filters_to_str-0,"set(['1', '26', '17', '16'])","set(['17', '16'])","set(['1', '26'])",set([]),subset
message.c,message_filters_to_str-1,"set(['1', '9', '26', '17'])","set(['9', '17'])","set(['1', '26'])",set([]),subset
message.c,message_filters_to_str-2,"set(['1', '26'])",set(['26']),set(['1']),set([]),subset
message.c,message_filters_to_str-3,set(['1']),set(['1']),set([]),set([]),subset
message.c,message_mem_needed-0,"set(['9', '8'])",set(['8']),set(['9']),set([]),subset
message.c,message_mem_needed-1,set(['9']),set(['9']),set([]),set([]),subset
lz_encoder_mf.c,hc_find_func-1,"set(['1', '10', '21', '22', '23'])",set(['10']),"set(['1', '21', '22', '23'])",set([]),subset
lz_encoder_mf.c,hc_find_func-0,"set(['1', '19', '21', '22', '23'])","set(['19', '21', '22', '23'])",set(['1']),set([]),subset
lz_encoder_mf.c,hc_find_func-3,"set(['21', '22', '23', '19', '18', '1'])","set(['21', '22', '23', '19', '18', '1'])",set([]),set([]),subset
lz_encoder_mf.c,hc_find_func-2,"set(['1', '19', '21', '22', '23'])","set(['19', '21', '22', '23'])",set(['1']),set([]),subset
lz_encoder_mf.c,hc_find_func-5,set(['1']),set(['1']),set([]),set([]),subset
lz_encoder_mf.c,hc_find_func-4,"set(['1', '23'])","set(['1', '23'])",set([]),set([]),subset
lz_encoder_mf.c,hc_find_func-6,"set(['21', '22', '23', '19', '18', '1'])","set(['21', '22', '23', '19', '18', '1'])",set([]),set([]),subset
lz_encoder_mf.c,normalize-0,set(['1']),set(['1']),set([]),set([]),subset
lz_encoder_mf.c,lzma_mf_hc3_find-0,"set(['24', '23'])","set(['24', '23'])",set([]),set([]),subset
lz_encoder_mf.c,lzma_mf_hc3_find-1,"set(['19', '8', '24', '23'])","set(['19', '8', '23'])",set(['24']),set([]),subset
lz_encoder_mf.c,lzma_mf_hc3_find-2,"set(['19', '24', '23'])","set(['19', '23'])",set(['24']),set([]),subset
lz_encoder_mf.c,lzma_mf_hc3_find-3,"set(['24', '5'])","set(['24', '5'])",set([]),set([]),subset
lz_encoder_mf.c,lzma_mf_hc3_find-4,"set(['24', '23'])","set(['24', '23'])",set([]),set([]),subset
lz_encoder_mf.c,bt_find_func-5,set(['1']),set(['1']),set([]),set([]),subset
lz_encoder_mf.c,bt_find_func-6,"set(['1', '25', '26', '27'])","set(['1', '25', '26', '27'])",set([]),set([]),subset
lz_encoder_mf.c,bt_find_func-7,"set(['1', '25', '26', '27'])","set(['1', '25', '26', '27'])",set([]),set([]),subset
lz_encoder_mf.c,bt_find_func-8,"set(['1', '25', '26', '27'])","set(['1', '25', '26', '27'])",set([]),set([]),subset
lz_encoder_mf.c,bt_find_func-9,"set(['1', '26', '27', '21', '22'])","set(['1', '26', '27', '21', '22'])",set([]),set([]),subset
lz_encoder_mf.c,lzma_mf_bt2_find-2,set(['11']),"set(['11', '10'])",set([]),set(['10']),not subset
lz_encoder_mf.c,lzma_mf_bt2_find-3,"set(['11', '6'])","set(['11', '6'])",set([]),set([]),subset
lz_encoder_mf.c,lzma_mf_bt2_find-0,set(['11']),set(['11']),set([]),set([]),subset
lz_encoder_mf.c,lzma_mf_bt2_find-1,set(['11']),{},set(['11']),set([]),subset
lz_encoder_mf.c,lzma_mf_bt4_skip-0,"set(['1', '11'])",set(['11']),set(['1']),set([]),subset
lz_encoder_mf.c,lzma_mf_bt3_skip-2,"set(['1', '11', '7'])","set(['11', '7'])",set(['1']),set([]),subset
lz_encoder_mf.c,lzma_mf_bt4_find-5,"set(['9', '32', '13', '33'])","set(['9', '32', '13'])",set(['33']),set([]),subset
lz_encoder_mf.c,lzma_mf_hc4_find-5,"set(['8', '31', '12', '32'])","set(['8', '31', '12'])",set(['32']),set([]),subset
lz_encoder_mf.c,lzma_mf_hc4_find-4,"set(['32', '31'])","set(['32', '31'])",set([]),set([]),subset
lz_encoder_mf.c,lzma_mf_hc4_find-1,"set(['25', '27', '14', '32', '31', '12', '8'])","set(['25', '27', '14', '31', '12', '8'])",set(['32']),set([]),subset
lz_encoder_mf.c,lzma_mf_hc4_find-0,"set(['32', '31'])","set(['32', '31'])",set([]),set([]),subset
lz_encoder_mf.c,lzma_mf_hc4_find-3,"set(['32', '5'])","set(['32', '5'])",set([]),set([]),subset
lz_encoder_mf.c,lzma_mf_hc4_find-2,"set(['32', '12'])",set(['12']),set(['32']),set([]),subset
lz_encoder_mf.c,bt_find_func-0,"set(['1', '26', '27'])","set(['26', '27'])",set(['1']),set([]),subset
lz_encoder_mf.c,bt_skip_func-0,"set(['1', '24', '13', '20', '25'])","set(['24', '13', '20'])","set(['1', '25'])",set([]),subset
lz_encoder_mf.c,bt_find_func-1,"set(['1', '13', '27', '26', '22'])","set(['13', '26', '22'])","set(['1', '27'])",set([]),subset
lz_encoder_mf.c,lzma_mf_bt4_find-4,"set(['33', '32'])","set(['33', '32'])",set([]),set([]),subset
lz_encoder_mf.c,lzma_mf_bt4_find-0,"set(['33', '32'])","set(['33', '32'])",set([]),set([]),subset
lz_encoder_mf.c,lzma_mf_hc3_skip-0,set(['1']),set(['1']),set([]),set([]),subset
lz_encoder_mf.c,bt_find_func-2,"set(['1', '26', '27'])","set(['26', '27'])",set(['1']),set([]),subset
lz_encoder_mf.c,lzma_mf_bt4_find-2,"set(['33', '13'])",set(['13']),set(['33']),set([]),subset
lz_encoder_mf.c,lzma_mf_bt4_find-1,"set(['13', '15', '33', '32', '28', '26', '9'])","set(['13', '15', '32', '28', '26', '9'])",set(['33']),set([]),subset
lz_encoder_mf.c,lzma_mf_bt3_find-1,"set(['9', '24', '20', '25'])","set(['9', '24', '20'])",set(['25']),set([]),subset
lz_encoder_mf.c,lzma_mf_bt2_skip-2,"set(['1', '11', '7'])","set(['11', '7'])",set(['1']),set([]),subset
lz_encoder_mf.c,lzma_mf_bt3_find-3,"set(['25', '6'])","set(['25', '6'])",set([]),set([]),subset
lz_encoder_mf.c,bt_find_func-3,"set(['1', '25', '26', '27'])","set(['1', '25', '26', '27'])",set([]),set([]),subset
lz_encoder_mf.c,lzma_mf_bt3_find-4,"set(['24', '25'])","set(['24', '25'])",set([]),set([]),subset
lz_encoder_mf.c,bt_skip_func-1,"set(['1', '24', '25'])","set(['24', '25'])",set(['1']),set([]),subset
lz_encoder_mf.c,lzma_mf_bt4_skip-1,set(['1']),set(['1']),set([]),set([]),subset
lz_encoder_mf.c,bt_find_func-4,"set(['1', '25', '26', '27'])","set(['1', '25', '26', '27'])",set([]),set([]),subset
lz_encoder_mf.c,lzma_mf_bt4_find-3,"set(['33', '6'])","set(['33', '6'])",set([]),set([]),subset
lz_encoder_mf.c,bt_skip_func-2,"set(['1', '24', '25', '23'])","set(['1', '24', '25', '23'])",set([]),set([]),subset
lz_encoder_mf.c,bt_skip_func-3,"set(['1', '24', '25', '23'])","set(['1', '24', '25', '23'])",set([]),set([]),subset
lz_encoder_mf.c,lzma_mf_bt3_find-0,"set(['24', '25'])","set(['24', '25'])",set([]),set([]),subset
lz_encoder_mf.c,lzma_mf_bt4_skip-2,"set(['1', '11', '7'])","set(['11', '7'])",set(['1']),set([]),subset
lz_encoder_mf.c,lzma_mf_bt3_skip-1,set(['1']),set(['1']),set([]),set([]),subset
lz_encoder_mf.c,lzma_mf_bt3_skip-0,"set(['1', '11'])",set(['11']),set(['1']),set([]),subset
lz_encoder_mf.c,bt_find_func-10,"set(['1', '26', '27', '21', '22'])","set(['1', '26', '27', '21', '22'])",set([]),set([]),subset
lz_encoder_mf.c,lzma_mf_bt3_find-2,"set(['24', '25', '20'])","set(['24', '20'])",set(['25']),set([]),subset
lz_encoder_mf.c,lzma_mf_hc4_skip-0,set(['1']),set(['1']),set([]),set([]),subset
lz_encoder_mf.c,lzma_mf_find-1,"set(['11', '10', '5'])","set(['11', '10', '5'])",set([]),set([]),subset
lz_encoder_mf.c,lzma_mf_find-0,"set(['11', '10', '4'])",set(['4']),"set(['11', '10'])",set([]),subset
lz_encoder_mf.c,lzma_mf_bt2_skip-0,"set(['1', '11'])",set(['11']),set(['1']),set([]),subset
lz_encoder_mf.c,lzma_mf_bt2_skip-1,set(['1']),set(['1']),set([]),set([]),subset
lz_encoder_mf.c,bt_skip_func-4,set(['1']),set(['1']),set([]),set([]),subset
lz_encoder_mf.c,bt_skip_func-5,"set(['1', '24', '25', '23'])","set(['1', '24', '25', '23'])",set([]),set([]),subset
lz_encoder_mf.c,bt_skip_func-6,"set(['1', '24', '25', '23'])","set(['1', '24', '25', '23'])",set([]),set([]),subset
lz_encoder_mf.c,bt_skip_func-7,"set(['1', '24', '25', '23'])","set(['1', '24', '25', '23'])",set([]),set([]),subset
spec_mem_io.c,spec_mem_write-0,set(['15']),set(['15']),set([]),set([]),subset
spec_mem_io.c,spec_mem_alloc_fds-0,set(['7']),set(['7']),set([]),set([]),subset
spec_mem_io.c,spec_mem_alloc_fds-1,set(['7']),set(['7']),set([]),set([]),subset
spec_mem_io.c,spec_mem_fread-2,"set(['19', '14'])","set(['19', '14'])",set([]),set([]),subset
spec_mem_io.c,spec_mem_fread-1,set(['19']),set(['19']),set([]),set([]),subset
spec_mem_io.c,spec_mem_fread-0,set(['19']),set(['19']),set([]),set([]),subset
spec_mem_io.c,spec_mem_open-0,set(['15']),set(['15']),set([]),set([]),subset
spec_mem_io.c,spec_mem_open-1,set(['15']),set(['15']),set([]),set([]),subset
spec_mem_io.c,spec_mem_getc-1,set(['16']),set(['16']),set([]),set([]),subset
spec_mem_io.c,spec_mem_getc-0,set(['16']),set(['16']),set([]),set([]),subset
spec_mem_io.c,spec_mem_getc-2,set(['16']),set(['16']),set([]),set([]),subset
spec_mem_io.c,spec_mem_init-0,"set(['19', '15', '6'])",set(['15']),"set(['19', '6'])",set([]),subset
spec_mem_io.c,spec_mem_init-1,set(['6']),set(['6']),set([]),set([]),subset
spec_mem_io.c,spec_mem_close-0,set(['6']),set(['6']),set([]),set([]),subset
spec_mem_io.c,spec_mem_sum-0,"set(['10', '4', '7'])","set(['10', '4', '7'])",set([]),set([]),subset
spec_mem_io.c,spec_mem_sum-1,"set(['10', '4'])","set(['10', '4'])",set([]),set([]),subset
spec_mem_io.c,sum_str_to_hex-0,set(['3']),set(['3']),set([]),set([]),subset
spec_mem_io.c,hex_char_to_num-0,set(['3']),set(['3']),set([]),set([]),subset
spec_mem_io.c,compare_sum-2,"set(['12', '4'])",set(['4']),set(['12']),set([]),subset
spec_mem_io.c,compare_sum-1,"set(['10', '12'])",set(['10']),set(['12']),set([]),subset
spec_mem_io.c,compare_sum-0,"set(['10', '12'])",set(['12']),set(['10']),set([]),subset
spec_mem_io.c,spec_mem_lseek-1,set(['25']),set(['25']),set([]),set([]),subset
spec_mem_io.c,spec_mem_lseek-0,set(['25']),set(['25']),set([]),set([]),subset
spec_mem_io.c,spec_mem_lseek-2,set(['25']),set(['25']),set([]),set([]),subset
spec_mem_io.c,spec_mem_free_fds-0,"set(['12', '6'])",set(['6']),set(['12']),set([]),subset
spec_mem_io.c,spec_mem_fopen-1,set(['14']),set(['14']),set([]),set([]),subset
spec_mem_io.c,spec_mem_fopen-0,set(['14']),set(['14']),set([]),set([]),subset
spec_mem_io.c,print_sum-0,set(['1']),set(['1']),set([]),set([]),subset
spec_mem_io.c,spec_mem_read-2,"set(['19', '14'])","set(['19', '14'])",set([]),set([]),subset
spec_mem_io.c,spec_mem_read-0,set(['19']),set(['19']),set([]),set([]),subset
spec_mem_io.c,spec_mem_read-1,set(['19']),set(['19']),set([]),set([]),subset
spec_mem_io.c,spec_mem_get_length-0,set(['5']),set(['5']),set([]),set([]),subset
spec_mem_io.c,spec_mem_load-0,"set(['33', '30'])",set(['33']),set(['30']),set([]),subset
crc32_fast.c,lzma_crc32-2,"set(['9', '8', '2', '5'])","set(['9', '8', '2', '5'])",set([]),set([]),subset
crc32_fast.c,lzma_crc32-1,"set(['9', '8', '2'])","set(['9', '8', '2'])",set([]),set([]),subset
crc32_fast.c,lzma_crc32-0,"set(['9', '8', '2', '5'])","set(['9', '8', '2', '5'])",set([]),set([]),subset
easy_preset.c,lzma_easy_preset-0,set(['3']),set(['3']),set([]),set([]),subset
spec.c,main-6,set(['6']),set(['6']),set([]),set([]),subset
spec.c,main-7,set(['13']),set(['13']),set([]),set([]),subset
spec.c,main-4,set(['30']),set(['30']),set([]),set([]),subset
spec.c,main-5,"set(['30', '34'])","set(['30', '34'])",set([]),set([]),subset
spec.c,main-2,set(['11']),set(['11']),set([]),set([]),subset
spec.c,main-3,set(['30']),set(['30']),set([]),set([]),subset
spec.c,main-0,{},{},set([]),set([]),subset
spec.c,main-1,{},{},set([]),set([]),subset
spec.c,main-8,"set(['15', '17'])","set(['15', '17'])",set([]),set([]),subset
spec.c,main-9,set(['4']),set(['4']),set([]),set([]),subset
sha512.c,sha_done-0,set(['9']),set(['9']),set([]),set([]),subset
sha512.c,sha_process-0,"set(['1', '8'])","set(['1', '8'])",set([]),set([]),subset
sha512.c,sha_process-1,"set(['1', '8'])","set(['1', '8'])",set([]),set([]),subset
sha512.c,load64-1,set(['1']),set(['1']),set([]),set([]),subset
sha512.c,load64-0,set(['1']),set(['1']),set([]),set([]),subset
sha512.c,store64-0,set(['1']),set(['1']),set([]),set([]),subset
sha512.c,sha_compress-0,set(['21']),set(['21']),set([]),set([]),subset
sha512.c,sha_compress-1,set(['16']),set(['16']),set([]),set([]),subset
sha512.c,sha_compress-2,set(['11']),set(['11']),set([]),set([]),subset
sha512.c,sha_compress-3,set(['6']),set(['6']),set([]),set([]),subset
sha512.c,sha_compress-4,set(['1']),set(['1']),set([]),set([]),subset
filter_common.c,validate_chain-1,"set(['13', '4', '22', '21'])","set(['13', '21'])","set(['4', '22'])",set([]),subset
filter_common.c,lzma_raw_coder_memusage-1,"set(['19', '20', '5'])","set(['19', '5'])",set(['20']),set([]),subset
filter_common.c,lzma_filters_copy-0,"set(['27', '28'])","set(['27', '28'])",set([]),set([]),subset
filter_common.c,lzma_filters_copy-1,"set(['27', '20', '23', '18', '28', '4'])","set(['18', '27'])","set(['28', '20', '4', '23'])",set([]),subset
filter_common.c,lzma_filters_copy-2,"set(['10', '27', '20', '23', '28', '4'])",set(['10']),"set(['28', '27', '20', '4', '23'])",set([]),subset
filter_common.c,lzma_filters_copy-3,"set(['24', '27', '28', '4'])","set(['24', '27', '4'])",set(['28']),set([]),subset
filter_common.c,lzma_filters_copy-4,"set(['27', '20', '23', '18', '28', '4'])","set(['18', '27', '23'])","set(['28', '20', '4'])",set([]),subset
filter_common.c,lzma_raw_coder_memusage-0,"set(['12', '15', '14', '19', '3', '5', '20'])","set(['12', '15', '14', '19', '5', '20'])",set(['3']),set([]),subset
filter_common.c,lzma_raw_coder_memusage-3,"set(['12', '15', '14', '19', '3', '5', '20'])","set(['12', '15', '14', '19', '3', '5', '20'])",set([]),set([]),subset
filter_common.c,validate_chain-6,"set(['4', '22', '21'])","set(['4', '21'])",set(['22']),set([]),subset
filter_common.c,validate_chain-5,"set(['13', '4', '22'])","set(['13', '4'])",set(['22']),set([]),subset
filter_common.c,validate_chain-0,"set(['13', '4', '22', '21'])","set(['13', '21', '22'])",set(['4']),set([]),subset
filter_common.c,lzma_raw_coder_init-0,"set(['27', '15', '21', '18', '30', '36', '35', '4', '32', '9'])","set(['27', '15', '21', '18', '30', '36', '35', '32', '9'])",set(['4']),set([]),subset
filter_common.c,lzma_raw_coder_init-1,"set(['32', '21', '35', '36'])",set(['21']),"set(['32', '36', '35'])",set([]),subset
filter_common.c,lzma_raw_coder_init-2,"set(['9', '32', '36', '35'])",set(['9']),"set(['32', '36', '35'])",set([]),subset
filter_common.c,lzma_raw_coder_init-3,"set(['27', '15', '21', '18', '30', '36', '35', '4', '32', '9'])","set(['27', '15', '21', '18', '30', '36', '35', '4', '32', '9'])",set([]),set([]),subset
filter_common.c,validate_chain-3,"set(['13', '4', '22'])","set(['13', '4'])",set(['22']),set([]),subset
filter_common.c,validate_chain-4,"set(['13', '4', '22'])","set(['13', '4'])",set(['22']),set([]),subset
filter_common.c,lzma_raw_coder_memusage-2,"set(['15', '12', '5', '14', '20'])","set(['15', '12', '5', '14'])",set(['20']),set([]),subset
filter_common.c,validate_chain-2,"set(['5', '4', '22'])",set(['5']),"set(['4', '22'])",set([]),subset
lz_decoder.c,lzma_lz_decoder_init-0,"set(['8', '26', '27'])","set(['26', '27'])",set(['8']),set([]),subset
lz_decoder.c,lzma_lz_decoder_init-1,"set(['8', '26', '27'])","set(['8', '26'])",set(['27']),set([]),subset
lz_decoder.c,decode_buffer-1,"set(['1', '18'])",set(['18']),set(['1']),set([]),subset
lz_decoder.c,decode_buffer-0,"set(['1', '18'])",set(['18']),set(['1']),set([]),subset
lz_decoder.c,lz_decode-1,"set(['31', '3', '15', '13', '34'])","set(['13', '15', '31', '34'])",set(['3']),set([]),subset
lz_decoder.c,lz_decode-0,"set(['31', '3', '15', '13', '34'])","set(['13', '15', '31', '34'])",set(['3']),set([]),subset
spec_xz.c,init_decoder-2,"set(['13', '12'])",set(['12']),set(['13']),set([]),subset
spec_xz.c,init_decoder-0,set(['13']),set(['13']),set([]),set([]),subset
spec_xz.c,init_decoder-1,set(['13']),set(['13']),set([]),set([]),subset
spec_xz.c,init_encoder-2,set(['2']),set(['2']),set([]),set([]),subset
spec_xz.c,init_encoder-4,set(['4']),set(['4']),set([]),set([]),subset
spec_xz.c,compressStream-0,"set(['25', '3', '27', '22', '23'])",set(['22']),"set(['25', '3', '27', '23'])",set([]),subset
spec_xz.c,uncompressStream-0,"set(['25', '3', '30', '28', '26'])",set(['25']),"set(['3', '30', '28', '26'])",set([]),subset
spec_xz.c,init_encoder-3,"set(['13', '12', '17', '16'])","set(['12', '16'])","set(['13', '17'])",set([]),subset
spec_xz.c,init_encoder-0,set(['17']),set(['17']),set([]),set([]),subset
spec_xz.c,init_encoder-1,set(['17']),set(['17']),set([]),set([]),subset
spec_xz.c,uncompressStream-1,"set(['26', '14', '16', '30', '28', '3'])","set(['26', '30', '28', '14', '16'])",set(['3']),set([]),subset
spec_xz.c,uncompressStream-2,"set(['9', '8', '3', '30'])","set(['9', '8', '3', '30'])",set([]),set([]),subset
spec_xz.c,compressStream-2,"set(['9', '8', '3', '27'])","set(['9', '8', '3', '27'])",set([]),set([]),subset
spec_xz.c,compressStream-1,"set(['25', '27', '14', '23', '16', '3'])","set(['25', '27', '23', '14', '16'])",set(['3']),set([]),subset
filter_flags_encoder.c,lzma_filter_flags_size-0,"set(['9', '6'])",set(['9']),set(['6']),set([]),subset
filter_flags_encoder.c,lzma_filter_flags_size-1,"set(['9', '6'])",set(['6']),set(['9']),set([]),subset
filter_flags_encoder.c,lzma_filter_flags_encode-1,"set(['12', '19', '32', '28', '33', '6'])","set(['12', '19', '32', '28', '33', '6'])",set([]),set([]),subset
filter_flags_encoder.c,lzma_filter_flags_encode-0,"set(['12', '19', '32', '28', '33', '6'])","set(['19', '32', '12', '28', '33'])",set(['6']),set([]),subset
stream_encoder.c,lzma_stream_encoder_init-0,"set(['20', '21', '16'])","set(['20', '21'])",set(['16']),set([]),subset
stream_encoder.c,lzma_stream_encoder_init-1,"set(['20', '21', '16'])","set(['20', '16'])",set(['21']),set([]),subset
stream_encoder.c,lzma_stream_encoder-0,"set(['10', '13', '5', '14'])","set(['10', '13', '14'])",set(['5']),set([]),subset
stream_encoder.c,lzma_stream_encoder-1,"set(['10', '13', '5', '14'])","set(['10', '13', '5', '14'])",set([]),set([]),subset
stream_encoder.c,stream_encode-1,"set(['24', '38', '15', '49', '28', '42', '43', '50', '1', '54', '52'])","set(['24', '38', '15', '49', '42', '28', '43', '50', '54', '52'])",set(['1']),set([]),subset
stream_encoder.c,stream_encode-0,"set(['24', '38', '15', '49', '54', '28', '43', '50', '1', '52'])","set(['24', '38', '15', '49', '54', '28', '43', '50', '52'])",set(['1']),set([]),subset
stream_encoder.c,stream_encoder_update-1,"set(['18', '23'])",set(['18']),set(['23']),set([]),subset
stream_encoder.c,stream_encoder_update-0,"set(['11', '4', '17', '23'])","set(['17', '23'])","set(['11', '4'])",set([]),subset
stream_encoder.c,stream_encoder_end-0,set(['1']),set(['1']),set([]),set([]),subset
stream_encoder.c,stream_encoder_update-2,"set(['11', '4', '17', '23'])","set(['11', '4', '17', '23'])",set([]),set([]),subset
stream_encoder.c,block_encoder_init-0,"set(['8', '4'])",set(['8']),set(['4']),set([]),subset
stream_encoder.c,block_encoder_init-1,"set(['8', '4'])","set(['8', '4'])",set([]),set([]),subset
delta_decoder.c,lzma_delta_props_decode-1,"set(['5', '6'])",set(['5']),set(['6']),set([]),subset
delta_decoder.c,lzma_delta_props_decode-0,"set(['5', '6'])","set(['5', '6'])",set([]),set([]),subset
delta_decoder.c,decode_buffer-0,set(['1']),set(['1']),set([]),set([]),subset
stream_buffer_decoder.c,lzma_stream_buffer_decode-1,"set(['24', '18', '25', '22', '23'])","set(['24', '18', '22', '23'])",set(['25']),set([]),subset
stream_buffer_decoder.c,lzma_stream_buffer_decode-0,set(['25']),set(['25']),set([]),set([]),subset
block_header_decoder.c,free_properties-0,set(['1']),set(['1']),set([]),set([]),subset
block_header_decoder.c,lzma_block_header_decode-2,"set(['24', '17', '43', '51', '29', '35', '34', '40', '52', '53', '50'])","set(['52', '17', '51', '43', '35', '29', '40', '34', '50'])","set(['24', '53'])",set([]),subset
block_header_decoder.c,lzma_block_header_decode-3,set(['1']),set(['1']),set([]),set([]),subset
block_header_decoder.c,lzma_block_header_decode-0,"set(['24', '17', '43', '51', '29', '35', '34', '40', '52', '53', '50'])","set(['52', '53', '51', '50', '40', '43', '35', '34', '29'])","set(['24', '17'])",set([]),subset
block_header_decoder.c,lzma_block_header_decode-1,"set(['51', '53', '35', '52'])",set(['35']),"set(['51', '53', '52'])",set([]),subset
FinalResults,Total,2173,1572,602,****
