FileName,FuncName and Var Id,M2R,Dual,M2R \ Dual,Dual\M2R,Comments
psimplex.c,worker-1,set(['1']),set(['1']),set([]),set([]),subset
psimplex.c,worker-0,set(['1']),set(['1']),set([]),set([]),subset
psimplex.c,master-8,"set(['20', '5'])",{},"set(['5', '20'])",set([]),subset
psimplex.c,master-1,"set(['1', '5', '7'])","set(['1', '5', '7'])",set([]),set([]),subset
psimplex.c,master-0,set(['1']),set(['1']),set([]),set([]),subset
psimplex.c,master-3,"set(['42', '45', '5', '43'])",set(['42']),"set(['45', '5', '43'])",set([]),subset
psimplex.c,master-2,"set(['39', '45', '5', '43'])",set(['39']),"set(['45', '5', '43'])",set([]),subset
psimplex.c,master-5,"set(['24', '33', '45', '5', '43'])","set(['24', '33', '43'])","set(['45', '5'])",set([]),subset
psimplex.c,master-4,"set(['24', '33', '45', '5', '43'])","set(['24', '33', '43'])","set(['45', '5'])",set([]),subset
psimplex.c,master-7,"set(['45', '5', '36', '43'])",set(['36']),"set(['45', '5', '43'])",set([]),subset
psimplex.c,master-6,"set(['20', '5'])",set(['20']),set(['5']),set([]),subset
psimplex.c,markBaskets-2,"set(['1', '19', '6'])",set(['6']),"set(['1', '19'])",set([]),subset
psimplex.c,markBaskets-3,"set(['11', '12', '19', '1', '5', '6'])","set(['11', '12', '19', '1', '5', '6'])",set([]),set([]),subset
psimplex.c,markBaskets-0,set(['19']),set(['19']),set([]),set([]),subset
psimplex.c,markBaskets-1,set(['1']),set(['1']),set([]),set([]),subset
treeup.c,update_tree-8,set(['12']),set(['12']),set([]),set([]),subset
treeup.c,update_tree-4,set(['23']),set(['23']),set([]),set([]),subset
treeup.c,update_tree-5,"set(['13', '15', '17', '23', '44', '56', '37', '52', '60'])","set(['15', '17', '23', '44', '56', '37', '52', '60'])",set(['13']),set([]),subset
treeup.c,update_tree-6,"set(['13', '15', '17', '23'])","set(['13', '15', '17', '23'])",set([]),set([]),subset
treeup.c,update_tree-7,set(['23']),set(['23']),set([]),set([]),subset
treeup.c,update_tree-0,"set(['34', '23'])",set(['34']),set(['23']),set([]),subset
treeup.c,update_tree-1,set(['23']),set(['23']),set([]),set([]),subset
treeup.c,update_tree-2,set(['23']),set(['23']),set([]),set([]),subset
treeup.c,update_tree-3,set(['23']),set(['23']),set([]),set([]),subset
pbla.c,primal_iminus-1,"set(['1', '23'])","set(['1', '23'])",set([]),set([]),subset
pbla.c,primal_iminus-0,"set(['11', '10', '12', '20', '21', '22', '16', '23', '1', '6'])","set(['11', '10', '12', '20', '21', '22', '16', '23', '1', '6'])",set([]),set([]),subset
pbla.c,primal_iminus-2,"set(['1', '23'])","set(['1', '23'])",set([]),set([]),subset
pstart.c,primal_start_artificial-3,{},{},set([]),set([]),subset
pstart.c,primal_start_artificial-2,{},{},set([]),set([]),subset
pstart.c,primal_start_artificial-1,{},{},set([]),set([]),subset
pstart.c,primal_start_artificial-0,"set(['1', '7'])","set(['1', '7'])",set([]),set([]),subset
pbeampp.c,primal_bea_mpp-5,"set(['34', '41', '16'])",set(['34']),"set(['16', '41'])",set([]),subset
pbeampp.c,primal_bea_mpp-4,"set(['1', '13'])","set(['1', '13'])",set([]),set([]),subset
pbeampp.c,primal_bea_mpp-7,set(['1']),set(['1']),set([]),set([]),subset
pbeampp.c,primal_bea_mpp-6,"set(['34', '41', '16'])",set(['34']),"set(['16', '41'])",set([]),subset
pbeampp.c,primal_bea_mpp-1,set(['44']),set(['44']),set([]),set([]),subset
pbeampp.c,primal_bea_mpp-0,set(['44']),set(['44']),set([]),set([]),subset
pbeampp.c,primal_bea_mpp-3,"set(['1', '20', '16'])","set(['20', '16'])",set(['1']),set([]),subset
pbeampp.c,primal_bea_mpp-2,"set(['1', '28', '20', '16'])","set(['28', '20', '16'])",set(['1']),set([]),subset
pbeampp.c,cost_compare-0,set(['7']),set(['7']),set([]),set([]),subset
output.c,write_objective_value-2,{},{},set([]),set([]),subset
output.c,write_objective_value-1,set(['3']),set(['3']),set([]),set([]),subset
output.c,write_objective_value-0,set(['3']),set(['3']),set([]),set([]),subset
output.c,write_circulations-5,"set(['25', '3', '20', '22', '6'])","set(['20', '6'])","set(['25', '3', '22'])",set([]),subset
output.c,write_circulations-4,"set(['25', '3'])",set(['3']),set(['25']),set([]),subset
output.c,write_circulations-3,{},{},set([]),set([]),subset
output.c,write_circulations-2,"set(['10', '3', '25', '22', '6'])",set(['10']),"set(['25', '3', '22', '6'])",set([]),subset
output.c,write_circulations-1,set(['25']),set(['25']),set([]),set([]),subset
output.c,write_circulations-0,set(['25']),set(['25']),set([]),set([]),subset
readmin.c,read_min-0,set(['60']),set(['60']),set([]),set([]),subset
readmin.c,read_min-1,set(['60']),set(['60']),set([]),set([]),subset
readmin.c,read_min-2,{},{},set([]),set([]),subset
readmin.c,read_min-3,"set(['60', '26', '38', '50'])","set(['60', '26', '38', '50'])",set([]),set([]),subset
readmin.c,read_min-4,"set(['60', '26', '38'])","set(['60', '26', '38'])",set([]),set([]),subset
readmin.c,read_min-5,"set(['26', '38', '49', '45', '50', '60'])","set(['26', '38', '49', '45', '50', '60'])",set([]),set([]),subset
implicit.c,refreshArcPointers-0,set(['1']),set(['1']),set([]),set([]),subset
implicit.c,price_out_impl-9,"set(['88', '16'])",set(['16']),set(['88']),set([]),subset
implicit.c,price_out_impl-3,"set(['86', '80', '73', '87', '88'])","set(['86', '80', '73', '87'])",set(['88']),set([]),subset
implicit.c,arc_compare-0,set(['7']),set(['7']),set([]),set([]),subset
implicit.c,price_out_impl-11,"set(['88', '38', '29'])","set(['38', '29'])",set(['88']),set([]),subset
implicit.c,replace_weaker_arc-0,"set(['1', '8', '7'])","set(['1', '8', '7'])",set([]),set([]),subset
implicit.c,replace_weaker_arc-1,set(['1']),set(['1']),set([]),set([]),subset
implicit.c,price_out_impl-14,"set(['59', '55', '42', '56', '51', '29', '61', '88', '63', '66'])","set(['59', '55', '42', '56', '51', '29', '61', '88', '63', '66'])",set([]),set([]),subset
implicit.c,price_out_impl-12,"set(['59', '55', '54', '56', '42', '29', '35', '36', '61', '88', '63'])","set(['59', '55', '54', '56', '42', '29', '35', '36', '61', '88', '63'])",set([]),set([]),subset
implicit.c,price_out_impl-13,"set(['59', '55', '42', '56', '51', '29', '61', '88'])","set(['59', '55', '42', '56', '51', '29', '61'])",set(['88']),set([]),subset
implicit.c,price_out_impl-10,"set(['61', '88', '42', '29'])","set(['61', '42', '29'])",set(['88']),set([]),subset
implicit.c,marc_arcs-0,"set(['24', '8', '15', '4'])","set(['24', '8', '15', '4'])",set([]),set([]),subset
implicit.c,price_out_impl-2,"set(['19', '88', '29', '23'])","set(['19', '29', '23'])",set(['88']),set([]),subset
implicit.c,marc_arcs-3,set(['8']),set(['8']),set([]),set([]),subset
implicit.c,refreshPositions-0,set(['1']),set(['1']),set([]),set([]),subset
implicit.c,refreshPositions-1,set(['1']),{},set(['1']),set([]),subset
implicit.c,marc_arcs-2,"set(['8', '15', '14', '20'])","set(['8', '15', '14', '20'])",set([]),set([]),subset
implicit.c,suspend_impl-0,"set(['20', '17', '6'])","set(['17', '6'])",set(['20']),set([]),subset
implicit.c,suspend_impl-1,"set(['20', '6'])",set(['6']),set(['20']),set([]),subset
implicit.c,suspend_impl-2,"set(['20', '14', '6'])",set(['14']),"set(['20', '6'])",set([]),subset
implicit.c,suspend_impl-3,"set(['20', '17', '6'])","set(['20', '17', '6'])",set([]),set([]),subset
implicit.c,marc_arcs-1,set(['8']),set(['8']),set([]),set([]),subset
implicit.c,price_out_impl-5,"set(['88', '29', '23'])","set(['29', '23'])",set(['88']),set([]),subset
implicit.c,price_out_impl-6,"set(['61', '88', '42', '29'])",set(['42']),"set(['61', '88', '29'])",set([]),subset
implicit.c,price_out_impl-7,"set(['68', '88', '38', '29'])",set(['68']),"set(['88', '38', '29'])",set([]),subset
implicit.c,price_out_impl-0,set(['88']),set(['88']),set([]),set([]),subset
implicit.c,resize_prob-1,set(['14']),set(['14']),set([]),set([]),subset
implicit.c,resize_prob-2,set(['14']),set(['14']),set([]),set([]),subset
implicit.c,resize_prob-3,"set(['14', '7'])",set(['7']),set(['14']),set([]),subset
implicit.c,marc_arcs-4,set(['3']),set(['3']),set([]),set([]),subset
implicit.c,switch_arcs-2,set(['1']),set(['1']),set([]),set([]),subset
implicit.c,switch_arcs-3,set(['1']),set(['1']),set([]),set([]),subset
implicit.c,switch_arcs-0,"set(['1', '12', '6'])","set(['1', '12', '6'])",set([]),set([]),subset
implicit.c,switch_arcs-1,"set(['1', '6'])",set(['6']),set(['1']),set([]),subset
implicit.c,price_out_impl-4,"set(['13', '12', '88', '6'])","set(['13', '12', '88', '6'])",set([]),set([]),subset
implicit.c,insert_new_arc-0,set(['1']),set(['1']),set([]),set([]),subset
implicit.c,price_out_impl-8,"set(['68', '88', '38', '29'])","set(['68', '38', '29'])",set(['88']),set([]),subset
implicit.c,calculate_max_redcost-0,set(['1']),set(['1']),set([]),set([]),subset
implicit.c,resize_prob-0,set(['14']),set(['14']),set([]),set([]),subset
implicit.c,price_out_impl-1,set(['88']),set(['88']),set([]),set([]),subset
pflowup.c,primal_update_flow-1,set(['8']),set(['8']),set([]),set([]),subset
pflowup.c,primal_update_flow-0,set(['1']),set(['1']),set([]),set([]),subset
spec_qsort.c,swapfunc-6,"set(['2', '15'])",set(['2']),set(['15']),set([]),subset
spec_qsort.c,swapfunc-7,"set(['2', '15'])",set(['2']),set(['15']),set([]),subset
spec_qsort.c,swapfunc-4,"set(['15', '14', '7'])",set(['7']),"set(['15', '14'])",set([]),subset
spec_qsort.c,swapfunc-5,"set(['2', '15'])",set(['2']),set(['15']),set([]),subset
spec_qsort.c,swapfunc-2,"set(['11', '15', '14'])",set(['11']),"set(['15', '14'])",set([]),subset
spec_qsort.c,swapfunc-3,"set(['15', '14', '7'])",set(['7']),"set(['15', '14'])",set([]),subset
spec_qsort.c,swapfunc-0,"set(['11', '15', '14'])",set(['11']),"set(['15', '14'])",set([]),subset
spec_qsort.c,swapfunc-1,"set(['11', '15', '14'])",set(['11']),"set(['15', '14'])",set([]),subset
spec_qsort.c,swapfunc-8,"set(['15', '14', '7'])",set(['7']),"set(['15', '14'])",set([]),subset
spec_qsort.c,spec_qsort-10,"set(['1', '31', '30', '106'])","set(['31', '30', '106'])",set(['1']),set([]),subset
spec_qsort.c,spec_qsort-11,"set(['39', '38', '54', '52', '1', '41', '106'])","set(['54', '39', '52', '41'])","set(['1', '38', '106'])",set([]),subset
spec_qsort.c,spec_qsort-12,"set(['1', '106'])",{},"set(['1', '106'])",set([]),subset
spec_qsort.c,spec_qsort-8,"set(['11', '77', '13', '31', '30', '1', '75', '106'])","set(['11', '13', '30', '77', '75', '106'])","set(['1', '31'])",set([]),subset
spec_qsort.c,spec_qsort-9,"set(['11', '31', '30', '1', '75', '106'])","set(['11', '31', '30', '106', '75'])",set(['1']),set([]),subset
spec_qsort.c,spec_qsort-2,set(['106']),set(['106']),set([]),set([]),subset
spec_qsort.c,spec_qsort-3,"set(['39', '38', '50', '52', '1', '63', '106'])","set(['39', '38', '50', '52', '63', '106'])",set(['1']),set([]),subset
spec_qsort.c,spec_qsort-0,set(['1']),set(['1']),set([]),set([]),subset
spec_qsort.c,spec_qsort-1,set(['1']),set(['1']),set([]),set([]),subset
spec_qsort.c,spec_qsort-6,"set(['1', '38', '106', '52'])","set(['38', '52'])","set(['1', '106'])",set([]),subset
spec_qsort.c,spec_qsort-7,"set(['1', '106', '38', '63', '52'])","set(['63', '38', '52'])","set(['1', '106'])",set([]),subset
spec_qsort.c,spec_qsort-4,"set(['1', '39', '38', '106', '50'])","set(['39', '38', '50'])","set(['1', '106'])",set([]),subset
spec_qsort.c,spec_qsort-5,"set(['1', '39', '38', '106'])","set(['39', '38'])","set(['1', '106'])",set([]),subset
FinalResults,Total,323,235,88,****
