FileName,FuncName and Var Id,M2R-Dual,Dual-M2R
wasm_application.c,wasm_application_execute_main-3,"set(['45', '37'])",set([])
wasm_application.c,wasm_application_execute_main-9,set(['37']),set([])
wasm_application.c,wasm_application_execute_func-1,"set(['83', '15'])",set([])
wasm_application.c,wasm_application_execute_func-3,"set(['83', '86'])",set([])
wasm_application.c,wasm_application_execute_func-7,set(['86']),set([])
wasm_runtime.c,wasm_instantiate-10,"set(['62', '41'])",set([])
wasm_runtime.c,wasm_instantiate-11,set(['35']),set([])
wasm_runtime.c,tables_instantiate-5,set(['25']),set([])
wasm_runtime.c,tables_instantiate-4,set(['3']),set([])
wasm_runtime.c,tables_instantiate-1,"set(['25', '14'])",set([])
wasm_runtime.c,tables_instantiate-0,"set(['10', '3'])",set([])
wasm_runtime.c,tables_instantiate-3,set(['3']),set([])
wasm_runtime.c,tables_instantiate-2,"set(['25', '3'])",set([])
wasm_runtime.c,tables_deinstantiate-0,set(['8']),set([])
wasm_runtime.c,memory_instantiate-6,"set(['27', '28', '22', '49'])",set([])
wasm_runtime.c,memory_instantiate-1,"set(['48', '41'])",set([])
wasm_runtime.c,memory_instantiate-9,"set(['27', '28', '49'])",set([])
wasm_runtime.c,memory_instantiate-8,"set(['27', '28', '22', '49'])",set([])
wasm_runtime.c,wasm_module_free-0,set(['16']),set([])
wasm_runtime.c,memories_instantiate-5,set(['21']),set([])
wasm_runtime.c,export_functions_instantiate-2,set(['9']),set([])
wasm_runtime.c,memories_deinstantiate-0,set(['12']),set([])
wasm_runtime.c,wasm_instantiate-9,"set(['114', '35', '113'])",set([])
wasm_runtime.c,globals_instantiate-3,set(['27']),set([])
wasm_runtime.c,globals_instantiate-1,set(['10']),set([])
wasm_runtime.c,globals_instantiate-0,"set(['10', '23'])",set([])
wasm_runtime.c,globals_instantiate-5,set(['27']),set([])
wasm_runtime.c,wasm_instantiate-1,"set(['114', '113', '41'])",set([])
wasm_runtime.c,memory_instantiate-7,"set(['27', '28', '22', '49'])",set([])
wasm_runtime.c,memories_instantiate-1,set(['3']),set([])
wasm_runtime.c,memories_instantiate-0,"set(['3', '7'])",set([])
wasm_runtime.c,memories_instantiate-2,set(['3']),set([])
wasm_runtime.c,functions_instantiate-2,set(['11']),set([])
wasm_runtime.c,functions_instantiate-3,set(['11']),set([])
wasm_runtime.c,functions_instantiate-4,set(['11']),set([])
wasm_runtime.c,wasm_instantiate-2,"set(['114', '113', '41'])",set([])
wasm_runtime.c,wasm_instantiate-5,set(['41']),set([])
wasm_runtime.c,wasm_instantiate-6,"set(['114', '35', '113'])",set([])
wasm_runtime.c,wasm_instantiate-7,"set(['114', '35', '113'])",set([])
posix.c,fd_prestats_grow-0,"set(['31', '29'])",set([])
posix.c,fd_prestats_grow-1,"set(['32', '31', '29'])",set([])
posix.c,fd_prestats_grow-2,"set(['32', '31'])",set([])
posix.c,fd_prestats_grow-3,"set(['32', '31'])",set([])
posix.c,wasmtime_ssp_sock_shutdown-2,set(['12']),set([])
posix.c,wasmtime_ssp_path_open-0,"set(['55', '38', '40'])",set([])
posix.c,wasmtime_ssp_path_open-1,set(['40']),set([])
posix.c,wasmtime_ssp_fd_pwrite-6,"set(['32', '27'])",set([])
posix.c,wasmtime_ssp_fd_pwrite-4,"set(['32', '31', '27', '30'])",set([])
posix.c,wasmtime_ssp_fd_pwrite-5,"set(['25', '31', '32'])",set([])
posix.c,wasmtime_ssp_fd_pwrite-2,"set(['25', '31', '27', '30', '32'])",set([])
posix.c,wasmtime_ssp_fd_pwrite-3,"set(['32', '31', '27', '30'])",set([])
posix.c,wasmtime_ssp_fd_pwrite-0,"set(['25', '27'])",set([])
posix.c,wasmtime_ssp_fd_pwrite-1,"set(['25', '31', '27', '30', '32'])",set([])
posix.c,fd_table_grow-3,"set(['32', '31'])",set([])
posix.c,fd_table_grow-2,"set(['32', '31'])",set([])
posix.c,fd_table_grow-1,"set(['32', '31', '29'])",set([])
posix.c,fd_determine_type_rights-1,"set(['31', '27', '28', '29', '30'])",set([])
posix.c,wasmtime_ssp_fd_readdir-2,set(['12']),set([])
posix.c,wasmtime_ssp_fd_readdir-0,"set(['12', '29'])",set([])
posix.c,wasmtime_ssp_fd_pread-4,"set(['42', '43'])",set([])
posix.c,wasmtime_ssp_fd_pread-5,set(['43']),set([])
posix.c,wasmtime_ssp_fd_pread-1,"set(['42', '43', '40', '41'])",set([])
posix.c,wasmtime_ssp_fd_pread-2,"set(['42', '43', '40', '41'])",set([])
posix.c,wasmtime_ssp_fd_pread-3,"set(['42', '43'])",set([])
posix.c,fd_table_unused-0,"set(['1', '4'])",set([])
posix.c,fd_table_unused-1,set(['1']),set([])
posix.c,wasmtime_ssp_path_filestat_set_times-1,set(['13']),set([])
posix.c,wasmtime_ssp_fd_readdir-1,set(['33']),set([])
posix.c,wasmtime_ssp_fd_seek-2,set(['14']),set([])
posix.c,fd_table_destroy-0,set(['9']),set([])
posix.c,fd_table_get_entry-1,set(['9']),set([])
posix.c,fd_prestats_destroy-0,set(['9']),set([])
posix.c,readlinkat_dup-0,set(['1']),set([])
posix.c,readlinkat_dup-1,set(['1']),set([])
posix.c,wasmtime_ssp_fd_close-0,set(['3']),set([])
posix.c,validate_path-2,set(['13']),set([])
posix.c,wasmtime_ssp_fd_renumber-1,set(['13']),set([])
posix.c,wasmtime_ssp_fd_renumber-0,set(['5']),set([])
posix.c,wasmtime_ssp_poll_oneoff-5,"set(['86', '87', '85'])",set([])
posix.c,wasmtime_ssp_path_link-2,set(['17']),set([])
posix.c,wasmtime_ssp_path_link-0,"set(['15', '17'])",set([])
posix.c,wasmtime_ssp_path_link-1,"set(['21', '22'])",set([])
posix.c,wasmtime_ssp_fd_allocate-1,set(['9']),set([])
posix.c,wasmtime_ssp_poll_oneoff-1,"set(['86', '87', '85'])",set([])
posix.c,wasmtime_ssp_poll_oneoff-0,"set(['18', '16'])",set([])
posix.c,wasmtime_ssp_poll_oneoff-3,"set(['77', '76', '86', '87', '85'])",set([])
posix.c,wasmtime_ssp_poll_oneoff-2,"set(['54', '77', '76', '73', '86', '87', '85'])",set([])
posix.c,fd_prestats_get_entry-1,set(['6']),set([])
posix.c,wasmtime_ssp_poll_oneoff-8,"set(['86', '87', '85'])",set([])
posix.c,wasmtime_ssp_fd_filestat_set_times-1,set(['9']),set([])
posix.c,fd_determine_type_rights-0,"set(['31', '27', '28', '29', '30'])",set([])
posix.c,fd_table_grow-0,"set(['31', '29'])",set([])
posix.c,wasmtime_ssp_poll_oneoff-4,"set(['86', '87', '85'])",set([])
posix.c,wasmtime_ssp_poll_oneoff-7,"set(['86', '87', '85'])",set([])
posix.c,wasmtime_ssp_poll_oneoff-6,"set(['24', '18', '36', '16'])",set([])
posix.c,path_get-1,"set(['86', '84', '85'])",set([])
posix.c,path_get-3,"set(['86', '84', '85'])",set([])
posix.c,path_get-2,"set(['86', '84', '85'])",set([])
posix.c,path_get-5,"set(['86', '85'])",set([])
posix.c,path_get-4,"set(['86', '5', '85'])",set([])
posix.c,path_get-7,"set(['86', '85'])",set([])
posix.c,path_get-6,"set(['86', '85'])",set([])
posix.c,path_get-9,set(['5']),set([])
posix.c,path_get-8,set(['86']),set([])
bh_vector.c,bh_vector_remove-3,set(['11']),set([])
bh_vector.c,bh_vector_insert-3,set(['12']),set([])
bh_vector.c,bh_vector_insert-2,set(['12']),set([])
bh_vector.c,bh_vector_remove-2,set(['11']),set([])
aot_reloc_x86_64.c,apply_relocation-0,set(['7']),set([])
aot_reloc_x86_64.c,apply_relocation-1,"set(['46', '44', '45'])",set([])
posix_memmap.c,os_mmap-2,"set(['20', '23'])",set([])
wasm_interp_fast.c,copy_stack_values-5,set(['24']),set([])
wasm_interp_fast.c,copy_stack_values-3,"set(['24', '8'])",set([])
wasm_interp_fast.c,copy_stack_values-1,set(['7']),set([])
wasm_interp_fast.c,copy_stack_values-0,"set(['5', '7'])",set([])
wasm_interp_fast.c,wasm_interp_call_func_bytecode-23,"set(['1490', '25', '1493', '1494'])",set([])
wasm_interp_fast.c,wasm_interp_call_func_bytecode-24,"set(['1490', '25', '1493', '1494'])",set([])
wasm_interp_fast.c,wasm_interp_call_func_bytecode-26,"set(['1490', '1493', '1494', '38'])",set([])
wasm_interp_fast.c,wasm_interp_call_func_bytecode-29,"set(['1490', '1493', '1494', '38'])",set([])
wasm_interp_fast.c,wasm_interp_call_func_bytecode-0,"set(['1490', '1466', '1493', '1494', '1463'])",set([])
wasm_interp_fast.c,wasm_interp_call_func_bytecode-1,"set(['1490', '1466', '1493', '1494'])",set([])
wasm_interp_fast.c,wasm_interp_call_func_bytecode-6,"set(['1493', '1494'])",set([])
wasm_interp_fast.c,wasm_interp_call_func_bytecode-5,"set(['1490', '1466', '1493', '1494', '1448'])",set([])
wasm_interp_fast.c,wasm_interp_call_func_bytecode-8,"set(['1493', '1494'])",set([])
wasm_interp_fast.c,wasm_interp_call_func_native-1,set(['20']),set([])
wasm_interp_fast.c,wasm_interp_call_wasm-1,"set(['21', '22'])",set([])
wasm_interp_fast.c,wasm_interp_call_func_bytecode-30,"set(['1490', '1493', '1494'])",set([])
wasm_interp_fast.c,wasm_interp_call_func_bytecode-15,"set(['1493', '1494'])",set([])
wasm_interp_fast.c,wasm_interp_call_func_bytecode-16,"set(['1466', '1494'])",set([])
wasm_interp_fast.c,wasm_interp_call_func_bytecode-17,"set(['1493', '1494'])",set([])
runtime_timer.c,create_timer_ctx-1,"set(['3', '14'])",set([])
wasm_c_api.c,interp_link-1,set(['1']),set([])
wasm_c_api.c,aot_process_export-1,"set(['1', '20', '28', '33'])",set([])
wasm_c_api.c,wasm_val_vec_new-0,"set(['14', '16'])",set([])
wasm_c_api.c,argv_to_results-2,set(['18']),set([])
wasm_c_api.c,wasm_extern_vec_new-0,"set(['14', '16'])",set([])
wasm_c_api.c,wasm_module_imports-21,"set(['10', '77', '76', '75', '90', '84'])",set([])
wasm_c_api.c,wasm_module_imports-20,"set(['10', '77', '76', '75', '90', '84'])",set([])
wasm_c_api.c,wasm_module_new-1,set(['24']),set([])
wasm_c_api.c,wasm_module_exports-8,"set(['46', '10', '57', '51'])",set([])
wasm_c_api.c,wasm_module_exports-5,set(['10']),set([])
wasm_c_api.c,wasm_module_exports-6,"set(['10', '57'])",set([])
wasm_c_api.c,wasm_module_exports-1,"set(['46', '10', '57', '51'])",set([])
wasm_c_api.c,wasm_module_exports-0,"set(['46', '10', '57', '51'])",set([])
wasm_c_api.c,wasm_module_exports-2,set(['57']),set([])
wasm_c_api.c,wasm_module_imports-0,"set(['10', '77', '76', '75', '90', '84'])",set([])
wasm_c_api.c,wasm_store_vec_new-0,"set(['14', '16'])",set([])
wasm_c_api.c,wasm_module_imports-9,set(['10']),set([])
wasm_c_api.c,wasm_module_vec_new-0,"set(['14', '16'])",set([])
wasm_c_api.c,wasm_store_delete-1,"set(['19', '21'])",set([])
wasm_c_api.c,wasm_module_imports-14,"set(['10', '77', '76', '75', '90', '84'])",set([])
wasm_c_api.c,wasm_module_imports-15,"set(['10', '77', '76', '75', '90', '84'])",set([])
wasm_c_api.c,wasm_module_imports-16,"set(['77', '10', '84', '90', '76'])",set([])
wasm_c_api.c,wasm_module_imports-17,"set(['77', '10', '84', '90', '76'])",set([])
wasm_c_api.c,wasm_module_imports-11,"set(['10', '90'])",set([])
wasm_c_api.c,wasm_module_imports-12,"set(['77', '10', '84', '90'])",set([])
wasm_c_api.c,wasm_module_imports-13,"set(['77', '10', '84', '90'])",set([])
wasm_c_api.c,wasm_module_imports-18,"set(['77', '10', '84', '90', '76'])",set([])
wasm_c_api.c,wasm_importtype_vec_new-0,"set(['14', '16'])",set([])
wasm_c_api.c,wasm_functype_vec_new-0,"set(['14', '16'])",set([])
wasm_c_api.c,wasm_func_call-3,"set(['15', '16'])",set([])
wasm_c_api.c,wasm_func_call-2,"set(['15', '16'])",set([])
wasm_c_api.c,wasm_func_call-1,"set(['5', '15', '14', '16'])",set([])
wasm_c_api.c,wasm_valtype_vec_new-0,"set(['14', '16'])",set([])
wasm_c_api.c,wasm_module_imports-10,"set(['10', '90'])",set([])
wasm_c_api.c,wasm_store_delete-0,"set(['3', '12'])",set([])
wasm_c_api.c,wasm_instance_new_with_args-1,"set(['39', '21', '22'])",set([])
wasm_c_api.c,wasm_table_size-1,set(['10']),set([])
wasm_c_api.c,wasm_table_set-1,set(['12']),set([])
wasm_c_api.c,wasm_table_set-0,"set(['10', '12'])",set([])
wasm_c_api.c,wasm_trap_trace-0,set(['10']),set([])
wasm_c_api.c,wasm_module_imports-19,"set(['10', '77', '76', '75', '90', '84'])",set([])
wasm_c_api.c,wasm_table_get-1,set(['8']),set([])
wasm_c_api.c,wasm_table_get-0,"set(['8', '6'])",set([])
wasm_c_api.c,interp_process_export-1,set(['1']),set([])
wasm_c_api.c,wasm_module_exports-7,"set(['46', '10', '57', '51'])",set([])
wasm_c_api.c,aot_process_export-2,set(['1']),set([])
wasm_c_api.c,wasm_exporttype_vec_new-0,"set(['14', '16'])",set([])
wasm_c_api.c,wasm_byte_vec_new-0,"set(['14', '16'])",set([])
wasm_c_api.c,wasm_instance_vec_new-0,"set(['14', '16'])",set([])
wasm_c_api.c,aot_process_export-3,"set(['1', '20', '28', '33'])",set([])
wasm_c_api.c,params_to_argv-0,"set(['8', '16'])",set([])
wasm_c_api.c,params_to_argv-1,set(['8']),set([])
wasm_c_api.c,wasm_ref_new_internal-1,set(['11']),set([])
wasm_c_api.c,wasm_ref_new_internal-0,"set(['9', '11'])",set([])
wasm_c_api.c,wasm_trap_new_internal-2,set(['34']),set([])
wasm_c_api.c,wasm_module_imports-2,set(['90']),set([])
wasm_c_api.c,wasm_module_imports-1,"set(['10', '77', '76', '75', '90', '84'])",set([])
wasm_c_api.c,wasm_frame_vec_new-0,"set(['14', '16'])",set([])
aot_loader.c,load_from_sections-8,set(['83']),set([])
aot_loader.c,load_from_sections-1,"set(['36', '68', '83', '80', '79', '78'])",set([])
aot_loader.c,load_from_sections-2,"set(['36', '68', '83', '80', '79', '78'])",set([])
aot_loader.c,load_from_sections-5,"set(['83', '80', '36'])",set([])
aot_loader.c,load_from_sections-4,"set(['83', '80', '36'])",set([])
aot_loader.c,load_from_sections-7,"set(['83', '80', '36'])",set([])
aot_loader.c,load_import_table_list-2,set(['48']),set([])
aot_loader.c,resolve_target_sym-2,set(['9']),set([])
aot_loader.c,load_object_data_sections-0,"set(['3', '31'])",set([])
aot_loader.c,load_object_data_sections-1,set(['3']),set([])
aot_loader.c,load_object_data_sections-2,set(['36']),set([])
aot_loader.c,destroy_mem_init_data_list-0,set(['8']),set([])
aot_loader.c,do_text_relocation-0,set(['10']),set([])
aot_loader.c,create_sections-1,"set(['60', '3', '51', '50'])",set([])
aot_loader.c,destroy_func_types-0,set(['8']),set([])
aot_loader.c,load_table_init_data_list-0,"set(['3', '75'])",set([])
aot_loader.c,load_table_init_data_list-1,set(['3']),set([])
aot_loader.c,load_table_init_data_list-2,set(['80']),set([])
aot_loader.c,do_data_relocation-4,set(['22']),set([])
aot_loader.c,do_data_relocation-2,set(['22']),set([])
aot_loader.c,load_relocation_section-10,"set(['138', '152', '45', '161'])",set([])
aot_loader.c,load_native_symbol_section-2,"set(['44', '42', '43'])",set([])
aot_loader.c,load_func_types-1,set(['3']),set([])
aot_loader.c,load_func_types-0,set(['3']),set([])
aot_loader.c,load_func_types-2,set(['46']),set([])
aot_loader.c,load_native_symbol_section-1,"set(['42', '14', '40'])",set([])
aot_loader.c,do_text_relocation-3,"set(['10', '51'])",set([])
aot_loader.c,do_text_relocation-5,set(['51']),set([])
aot_loader.c,do_text_relocation-4,"set(['10', '51'])",set([])
aot_loader.c,create_sections-2,"set(['60', '3', '63', '51', '50'])",set([])
aot_loader.c,str2uint32-4,set(['1']),set([])
aot_loader.c,destroy_table_init_data_list-0,set(['8']),set([])
aot_loader.c,load_import_globals-3,set(['43']),set([])
aot_loader.c,load_memory_info-2,"set(['80', '81'])",set([])
aot_loader.c,do_text_relocation-1,set(['10']),set([])
aot_loader.c,load_globals-1,set(['5']),set([])
aot_loader.c,load_globals-3,set(['62']),set([])
aot_loader.c,str2uint64-4,set(['1']),set([])
aot_loader.c,load_relocation_section-2,"set(['152', '45'])",set([])
aot_loader.c,load_table_list-2,set(['58']),set([])
aot_loader.c,load_relocation_section-3,"set(['45', '152', '161'])",set([])
aot_loader.c,load_mem_init_data_list-2,set(['70']),set([])
aot_loader.c,load_mem_init_data_list-1,set(['3']),set([])
aot_loader.c,load_mem_init_data_list-0,"set(['3', '65'])",set([])
aot_loader.c,load_import_funcs-2,set(['33']),set([])
aot_loader.c,load_exports-2,set(['33']),set([])
aot_loader.c,load_relocation_section-8,set(['152']),set([])
aot_loader.c,load_relocation_section-0,set(['161']),set([])
aot_loader.c,load_relocation_section-5,"set(['152', '161'])",set([])
wasm_runtime_common.c,wasm_runtime_invoke_native-9,"set(['8', '45', '74'])",set([])
wasm_runtime_common.c,wasm_runtime_invoke_native-4,"set(['24', '23', '45', '74', '71', '8'])",set([])
wasm_runtime_common.c,wasm_runtime_invoke_native-7,set(['74']),set([])
wasm_runtime_common.c,wasm_runtime_validate_app_str_addr-2,"set(['11', '10'])",set([])
wasm_runtime_common.c,wasm_runtime_invoke_native_raw-3,"set(['20', '21', '44', '28', '41', '5'])",set([])
wasm_runtime_common.c,wasm_runtime_invoke_native_raw-6,set(['44']),set([])
wasm_runtime_common.c,wasm_runtime_invoke_native_raw-4,set(['44']),set([])
wasm_runtime_common.c,argv_to_params-3,set(['1']),set([])
bh_hashmap.c,bh_hash_map_find-2,set(['15']),set([])
bh_hashmap.c,bh_hash_map_destroy-3,"set(['18', '5'])",set([])
bh_hashmap.c,bh_hash_map_destroy-2,set(['18']),set([])
bh_hashmap.c,bh_hash_map_traverse-2,"set(['15', '6'])",set([])
bh_hashmap.c,bh_hash_map_traverse-3,set(['15']),set([])
bh_hashmap.c,bh_hash_map_update-2,set(['17']),set([])
bh_hashmap.c,bh_hash_map_remove-2,set(['22']),set([])
bh_hashmap.c,bh_hash_map_remove-3,set(['22']),set([])
aot_runtime.c,aot_call_indirect-7,set(['50']),set([])
aot_runtime.c,init_func_type_indexes-2,set(['15']),set([])
aot_runtime.c,init_func_type_indexes-3,set(['15']),set([])
aot_runtime.c,memory_instantiate-7,"set(['27', '28', '22', '48'])",set([])
aot_runtime.c,memory_instantiate-6,"set(['27', '28', '22', '48'])",set([])
aot_runtime.c,memory_instantiate-3,set(['48']),set([])
aot_runtime.c,memory_instantiate-1,set(['41']),set([])
aot_runtime.c,invoke_native_with_hw_bound_check-2,set(['27']),set([])
aot_runtime.c,memory_instantiate-8,"set(['27', '28', '22', '48'])",set([])
aot_runtime.c,create_export_funcs-3,set(['13']),set([])
aot_runtime.c,create_export_funcs-2,"set(['13', '14'])",set([])
aot_runtime.c,aot_call_indirect-10,set(['12']),set([])
aot_runtime.c,aot_call_function-8,set(['43']),set([])
aot_runtime.c,aot_call_function-2,set(['49']),set([])
aot_runtime.c,aot_call_function-1,set(['49']),set([])
aot_runtime.c,aot_call_function-6,set(['49']),set([])
aot_runtime.c,aot_call_function-4,set(['49']),set([])
aot_runtime.c,aot_call_function-5,"set(['43', '49'])",set([])
aot_runtime.c,aot_module_malloc-4,"set(['19', '20'])",set([])
aot_runtime.c,aot_module_malloc-2,"set(['19', '20', '29'])",set([])
aot_runtime.c,aot_module_malloc-3,"set(['19', '20', '29'])",set([])
aot_runtime.c,aot_module_malloc-0,"set(['19', '20', '17'])",set([])
aot_runtime.c,aot_module_malloc-1,"set(['19', '20', '29'])",set([])
aot_runtime.c,aot_module_free-0,"set(['19', '18', '20', '21'])",set([])
aot_runtime.c,aot_module_free-1,"set(['19', '18', '20', '21'])",set([])
aot_runtime.c,init_func_ptrs-2,set(['17']),set([])
aot_runtime.c,init_func_ptrs-3,set(['17']),set([])
aot_runtime.c,memories_instantiate-3,set(['33']),set([])
aot_runtime.c,memories_instantiate-2,set(['3']),set([])
aot_runtime.c,table_instantiate-4,"set(['8', '30', '17'])",set([])
aot_runtime.c,aot_call_indirect-2,set(['54']),set([])
aot_runtime.c,aot_call_indirect-3,set(['54']),set([])
aot_runtime.c,table_instantiate-3,"set(['8', '30'])",set([])
aot_runtime.c,memories_instantiate-5,"set(['9', '33'])",set([])
aot_runtime.c,memories_instantiate-6,"set(['9', '18', '33'])",set([])
aot_runtime.c,memory_instantiate-12,"set(['27', '28', '48'])",set([])
aot_runtime.c,aot_call_indirect-1,"set(['54', '50'])",set([])
aot_runtime.c,aot_call_indirect-4,set(['54']),set([])
aot_runtime.c,aot_call_indirect-5,set(['54']),set([])
libc_wasi_wrapper.c,wasi_sock_recv-4,set(['20']),set([])
libc_wasi_wrapper.c,wasi_fd_write-4,set(['19']),set([])
libc_wasi_wrapper.c,wasi_fd_write-6,set(['19']),set([])
libc_wasi_wrapper.c,wasi_fd_write-2,set(['19']),set([])
libc_wasi_wrapper.c,wasi_args_get-4,set(['19']),set([])
libc_wasi_wrapper.c,wasi_sock_recv-2,set(['20']),set([])
libc_wasi_wrapper.c,wasi_sock_recv-6,set(['20']),set([])
libc_wasi_wrapper.c,wasi_sock_send-2,set(['19']),set([])
libc_wasi_wrapper.c,wasi_fd_pread-2,set(['19']),set([])
libc_wasi_wrapper.c,wasi_fd_pread-4,set(['19']),set([])
libc_wasi_wrapper.c,wasi_fd_pread-6,set(['19']),set([])
libc_wasi_wrapper.c,wasi_fd_read-2,set(['19']),set([])
libc_wasi_wrapper.c,wasi_fd_read-4,set(['19']),set([])
libc_wasi_wrapper.c,wasi_fd_read-6,set(['19']),set([])
libc_wasi_wrapper.c,wasi_sock_send-6,set(['19']),set([])
libc_wasi_wrapper.c,wasi_sock_send-4,set(['19']),set([])
libc_wasi_wrapper.c,wasi_environ_get-4,set(['19']),set([])
libc_wasi_wrapper.c,wasi_fd_pwrite-2,set(['19']),set([])
libc_wasi_wrapper.c,wasi_fd_pwrite-6,set(['19']),set([])
libc_wasi_wrapper.c,wasi_fd_pwrite-4,set(['19']),set([])
libc_builtin_wrapper.c,_vprintf_wa-11,"set(['3', '117', '121', '122', '80', '119', '118'])",set([])
libc_builtin_wrapper.c,_vprintf_wa-10,"set(['3', '121', '122', '117', '119', '118'])",set([])
libc_builtin_wrapper.c,_vprintf_wa-12,"set(['3', '119', '118'])",set([])
libc_builtin_wrapper.c,_vprintf_wa-0,"set(['3', '121', '117', '119', '118', '97'])",set([])
libc_builtin_wrapper.c,_vprintf_wa-1,"set(['3', '117', '115', '121', '122', '119', '118'])",set([])
libc_builtin_wrapper.c,_vprintf_wa-13,"set(['3', '117', '121', '122', '119', '118'])",set([])
libc_builtin_wrapper.c,_vprintf_wa-2,"set(['3', '117', '121', '122', '119', '118', '97', '96'])",set([])
libc_builtin_wrapper.c,_vprintf_wa-5,"set(['3', '117', '121', '122', '119', '118', '97'])",set([])
main.c,main-15,"set(['48', '46', '47', '44', '45', '43', '1'])",set([])
main.c,split_string-4,set(['1']),set([])
bh_queue.c,bh_queue_create-1,set(['6']),set([])
posix_thread.c,os_thread_get_stack_boundary-3,set(['11']),set([])
random.c,random_uniform-1,set(['1']),set([])
random.c,random_uniform-0,"set(['1', '4'])",set([])
wasm_loader.c,load_from_sections-21,"set(['50', '84', '163'])",set([])
wasm_loader.c,load_from_sections-22,"set(['163', '87', '134'])",set([])
wasm_loader.c,load_from_sections-23,set(['163']),set([])
wasm_loader.c,get_section_index-0,set(['7']),set([])
wasm_loader.c,wasm_loader_find_block_addr-11,"set(['128', '129', '56', '7', '126'])",set([])
wasm_loader.c,load_from_sections-17,"set(['50', '84', '163'])",set([])
wasm_loader.c,load_user_section-2,"set(['6', '16'])",set([])
wasm_loader.c,load_table_index-2,set(['4']),set([])
wasm_loader.c,load_func_index_vec-4,set(['4']),set([])
wasm_loader.c,load_table_segment_section-2,"set(['27', '23'])",set([])
wasm_loader.c,load_table_segment_section-3,"set(['27', '23'])",set([])
wasm_loader.c,load_func_index_vec-0,"set(['11', '27', '23'])",set([])
wasm_loader.c,load_func_index_vec-2,"set(['27', '28'])",set([])
wasm_loader.c,load_memory_import-0,set(['39']),set([])
wasm_loader.c,load_start_section-2,set(['4']),set([])
wasm_loader.c,load_start_section-3,set(['19']),set([])
wasm_loader.c,wasm_loader_prepare_bytecode-32,set(['3']),set([])
wasm_loader.c,wasm_loader_prepare_bytecode-31,"set(['13', '3'])",set([])
wasm_loader.c,wasm_loader_prepare_bytecode-30,"set(['147', '13', '1267', '52', '60', '3', '1293', '1294'])",set([])
wasm_loader.c,load_import_section-10,"set(['11', '183'])",set([])
wasm_loader.c,load_import_section-11,"set(['11', '183', '46', '114', '186', '187'])",set([])
wasm_loader.c,load_import_section-12,set(['183']),set([])
wasm_loader.c,load_import_section-13,"set(['11', '183'])",set([])
wasm_loader.c,load_import_section-14,"set(['11', '183'])",set([])
wasm_loader.c,load_memory_section-3,"set(['19', '23'])",set([])
wasm_loader.c,wasm_loader_emit_br_info-6,"set(['11', '32'])",set([])
wasm_loader.c,wasm_loader_emit_br_info-4,set(['32']),set([])
wasm_loader.c,wasm_loader_emit_br_info-2,set(['32']),set([])
wasm_loader.c,load_table_segment_section-4,set(['4']),set([])
wasm_loader.c,init_function_local_offsets-3,set(['12']),set([])
wasm_loader.c,read_leb-1,"set(['32', '47', '50', '48', '52'])",set([])
wasm_loader.c,load_function_section-14,"set(['109', '22'])",set([])
wasm_loader.c,load_function_section-12,set(['109']),set([])
wasm_loader.c,load_function_section-11,set(['4']),set([])
wasm_loader.c,load_function_section-10,"set(['109', '27', '22', '113', '112'])",set([])
wasm_loader.c,load_code_section-2,set(['4']),set([])
wasm_loader.c,load_memory_section-2,"set(['19', '23'])",set([])
wasm_loader.c,preserve_local_for_block-1,set(['1']),set([])
wasm_loader.c,preserve_local_for_block-0,"set(['1', '11'])",set([])
wasm_loader.c,wasm_loader_get_const_offset-1,"set(['27', '40'])",set([])
wasm_loader.c,create_sections-1,"set(['1', '34'])",set([])
wasm_loader.c,create_sections-2,"set(['1', '17', '35', '34'])",set([])
wasm_loader.c,wasm_loader_prepare_bytecode-28,set(['3']),set([])
wasm_loader.c,wasm_loader_prepare_bytecode-24,"set(['13', '1267', '3', '266', '1293', '1294'])",set([])
wasm_loader.c,wasm_loader_prepare_bytecode-25,"set(['13', '1267', '848', '3', '1293', '1294'])",set([])
wasm_loader.c,wasm_loader_prepare_bytecode-26,"set(['855', '13', '1267', '3', '1293', '1294'])",set([])
wasm_loader.c,wasm_loader_prepare_bytecode-27,"set(['13', '3'])",set([])
wasm_loader.c,wasm_loader_prepare_bytecode-20,"set(['13', '3'])",set([])
wasm_loader.c,wasm_loader_prepare_bytecode-21,"set(['13', '1267', '3', '1293', '1294', '431'])",set([])
wasm_loader.c,wasm_loader_prepare_bytecode-22,"set(['13', '208', '1267', '244', '3', '1293', '1294'])",set([])
wasm_loader.c,wasm_loader_prepare_bytecode-23,"set(['13', '208', '1267', '244', '3', '1293', '1294'])",set([])
wasm_loader.c,load_table_import-0,set(['43']),set([])
wasm_loader.c,wasm_loader_push_pop_frame_ref-0,set(['7']),set([])
wasm_loader.c,load_global_section-0,"set(['11', '25', '38', '35', '32'])",set([])
wasm_loader.c,load_global_section-2,"set(['39', '38', '35'])",set([])
wasm_loader.c,load_global_section-3,"set(['39', '38', '35'])",set([])
wasm_loader.c,load_global_section-4,set(['4']),set([])
wasm_loader.c,load_type_section-3,"set(['11', '85'])",set([])
wasm_loader.c,load_type_section-2,set(['85']),set([])
wasm_loader.c,load_type_section-7,set(['4']),set([])
wasm_loader.c,load_type_section-6,"set(['11', '23', '88', '89', '85'])",set([])
wasm_loader.c,load_type_section-5,"set(['11', '85'])",set([])
wasm_loader.c,load_type_section-4,"set(['88', '89', '85'])",set([])
wasm_loader.c,check_branch_block-2,set(['4']),set([])
wasm_loader.c,reserve_block_ret-13,set(['105']),set([])
wasm_loader.c,load_memory_section-4,set(['4']),set([])
wasm_loader.c,check_block_stack-1,"set(['46', '21'])",set([])
wasm_loader.c,wasm_loader_check_br-2,set(['45']),set([])
wasm_loader.c,wasm_loader_check_br-1,"set(['44', '21'])",set([])
wasm_loader.c,load_function_section-9,"set(['109', '113', '112'])",set([])
wasm_loader.c,load_function_section-8,"set(['109', '22'])",set([])
wasm_loader.c,load_function_section-3,"set(['109', '22'])",set([])
wasm_loader.c,load_function_section-2,"set(['109', '22'])",set([])
wasm_loader.c,load_function_section-7,"set(['113', '109', '72', '22', '112'])",set([])
wasm_loader.c,load_function_section-6,"set(['109', '113', '22', '112'])",set([])
wasm_loader.c,load_function_section-5,"set(['109', '22'])",set([])
wasm_loader.c,load_function_section-4,"set(['46', '109', '22', '113', '112'])",set([])
wasm_loader.c,load_table_section-4,set(['4']),set([])
wasm_loader.c,load_table_section-2,"set(['19', '23'])",set([])
wasm_loader.c,load_table_section-3,"set(['19', '23'])",set([])
wasm_loader.c,load_from_sections-9,"set(['163', '87', '134'])",set([])
wasm_loader.c,load_from_sections-8,set(['137']),set([])
wasm_loader.c,load_from_sections-1,"set(['152', '157', '162', '163'])",set([])
wasm_loader.c,load_from_sections-0,"set(['137', '141'])",set([])
wasm_loader.c,load_from_sections-3,"set(['152', '157', '162', '163'])",set([])
wasm_loader.c,load_from_sections-2,"set(['156', '157', '162', '163'])",set([])
wasm_loader.c,load_from_sections-5,"set(['121', '133', '132', '134', '87', '163'])",set([])
wasm_loader.c,load_from_sections-4,"set(['121', '133', '132', '134', '87', '163'])",set([])
wasm_loader.c,load_from_sections-6,set(['163']),set([])
wasm_loader.c,wasm_loader_prepare_bytecode-9,"set(['13', '303', '1267', '3', '278', '1293', '294', '1294'])",set([])
wasm_loader.c,wasm_loader_prepare_bytecode-8,"set(['1293', '13', '1267', '3', '1294'])",set([])
wasm_loader.c,wasm_loader_prepare_bytecode-5,"set(['13', '1267', '357', '3', '1293', '372', '1294'])",set([])
wasm_loader.c,wasm_loader_prepare_bytecode-4,"set(['13', '1267', '3', '416', '1293', '1294', '431'])",set([])
wasm_loader.c,wasm_loader_prepare_bytecode-7,set(['3']),set([])
wasm_loader.c,wasm_loader_prepare_bytecode-6,"set(['13', '1267', '3', '1293', '372', '1294'])",set([])
wasm_loader.c,wasm_loader_prepare_bytecode-1,"set(['1292', '1293', '1290', '1294'])",set([])
wasm_loader.c,wasm_loader_prepare_bytecode-0,set(['1294']),set([])
wasm_loader.c,wasm_loader_prepare_bytecode-3,"set(['1293', '13', '1267', '3', '1294'])",set([])
wasm_loader.c,wasm_loader_prepare_bytecode-2,"set(['13', '1232', '1267', '3', '1293', '1294'])",set([])
wasm_loader.c,wasm_loader_unload-1,"set(['10', '56'])",set([])
wasm_loader.c,wasm_loader_unload-0,"set(['55', '56'])",set([])
wasm_loader.c,load_import_section-8,"set(['183', '186', '125'])",set([])
wasm_loader.c,load_import_section-9,set(['4']),set([])
wasm_loader.c,load_import_section-2,"set(['11', '183'])",set([])
wasm_loader.c,load_import_section-3,"set(['11', '114', '186', '187', '183'])",set([])
wasm_loader.c,wasm_loader_prepare_bytecode-19,"set(['13', '3'])",set([])
wasm_loader.c,load_data_segment_section-3,"set(['11', '46', '16', '43', '47'])",set([])
wasm_loader.c,load_data_segment_section-2,"set(['11', '46', '27', '43', '47'])",set([])
wasm_loader.c,load_data_segment_section-5,set(['4']),set([])
wasm_loader.c,load_data_segment_section-4,"set(['46', '47', '43'])",set([])
wasm_loader.c,wasm_loader_prepare_bytecode-11,"set(['13', '1267', '244', '3', '1293', '237', '1294'])",set([])
wasm_loader.c,wasm_loader_prepare_bytecode-10,"set(['1293', '13', '1267', '3', '1294'])",set([])
wasm_loader.c,wasm_loader_prepare_bytecode-13,"set(['3', '13'])",set([])
wasm_loader.c,wasm_loader_prepare_bytecode-12,"set(['13', '208', '1267', '244', '3', '1293', '1294'])",set([])
wasm_loader.c,wasm_loader_prepare_bytecode-15,"set(['13', '208', '1267', '244', '3', '1293', '1294'])",set([])
wasm_loader.c,wasm_loader_prepare_bytecode-14,"set(['13', '3'])",set([])
wasm_loader.c,wasm_loader_prepare_bytecode-17,"set(['13', '1267', '3', '1294', '1293', '377'])",set([])
wasm_loader.c,wasm_loader_prepare_bytecode-16,"set(['3', '13'])",set([])
wasm_loader.c,load_export_section-3,"set(['11', '62', '65', '66', '16'])",set([])
wasm_loader.c,load_export_section-2,"set(['62', '65', '66'])",set([])
wasm_loader.c,load_export_section-7,set(['4']),set([])
wasm_loader.c,load_export_section-6,"set(['62', '65', '66'])",set([])
wasm_loader.c,load_export_section-5,"set(['11', '62', '65', '66'])",set([])
wasm_loader.c,load_export_section-4,"set(['11', '62', '42', '65', '66'])",set([])
wasm_loader.c,check_offset_push-1,set(['9']),set([])
wasm_loader.c,wasm_loader_push_frame_csp-1,"set(['9', '14'])",set([])
wasm_loader.c,wasm_loader_find_block_addr-6,set(['129']),set([])
wasm_loader.c,wasm_loader_find_block_addr-5,"set(['129', '7'])",set([])
wasm_loader.c,wasm_loader_find_block_addr-2,set(['7']),set([])
wasm_loader.c,wasm_loader_find_block_addr-0,"set(['128', '124', '7', '126'])",set([])
wasm_loader.c,wasm_loader_find_block_addr-1,"set(['128', '129', '117', '7', '126'])",set([])
wasm_loader.c,wasm_loader_prepare_bytecode-18,"set(['13', '1267', '330', '3', '1293', '1294'])",set([])
wasm_loader.c,reserve_block_ret-2,"set(['106', '104', '105'])",set([])
wasm_loader.c,reserve_block_ret-3,"set(['106', '104', '105'])",set([])
wasm_loader.c,reserve_block_ret-0,"set(['102', '35', '104'])",set([])
wasm_loader.c,reserve_block_ret-1,"set(['106', '104', '105'])",set([])
wasm_loader.c,reserve_block_ret-6,"set(['60', '104'])",set([])
wasm_loader.c,reserve_block_ret-4,"set(['106', '104', '105'])",set([])
wasm_loader.c,reserve_block_ret-5,"set(['106', '104', '105'])",set([])
wasm_loader.c,load_init_expr-2,"set(['68', '69', '67'])",set([])
wasm_loader.c,load_init_expr-3,"set(['68', '69', '67'])",set([])
wasm_loader.c,load_init_expr-1,set(['67']),set([])
wasm_loader.c,check_stack_push-1,"set(['8', '10'])",set([])
wasm_shared_memory.c,wasm_runtime_atomic_wait-0,"set(['4', '6'])",set([])
wasm_shared_memory.c,wasm_runtime_atomic_wait-1,set(['6']),set([])
wasm_shared_memory.c,acquire_wait_info-2,"set(['13', '12'])",set([])
wasm_shared_memory.c,notify_wait_list-4,set(['10']),set([])
wasm_shared_memory.c,destroy_wait_info-0,set(['5']),set([])
ems_alloc.c,alloc_hmu-4,"set(['46', '22'])",set([])
ems_alloc.c,gc_realloc_vo-2,"set(['24', '23'])",set([])
ems_alloc.c,gc_realloc_vo-7,set(['24']),set([])
ems_alloc.c,alloc_hmu-3,"set(['46', '22'])",set([])
ems_alloc.c,unlink_hmu-1,"set(['21', '22'])",set([])
ems_alloc.c,unlink_hmu-0,"set(['21', '16'])",set([])
ems_alloc.c,unlink_hmu-3,set(['21']),set([])
ems_alloc.c,unlink_hmu-2,"set(['21', '22'])",set([])
FinalResults,Total,1161
