[
{
  "directory": "/Users/mar01/DevTools/morebenchmarks/glfwbuild/src",
  "command": "/Applications/Xcode.app/Contents/Developer/Toolchains/XcodeDefault.xctoolchain/usr/bin/cc -D_GLFW_COCOA -I/Users/mar01/DevTools/morebenchmarks/glfw/include -I/Users/mar01/DevTools/morebenchmarks/glfw/src -I/Users/mar01/DevTools/morebenchmarks/glfwbuild/src   -isysroot /Applications/Xcode.app/Contents/Developer/Platforms/MacOSX.platform/Developer/SDKs/MacOSX11.1.sdk -mmacosx-version-min=10.15 -fPIC   -Wall -std=c99 -o CMakeFiles/glfw.dir/context.c.o   -c /Users/mar01/DevTools/morebenchmarks/glfw/src/context.c",
  "file": "/Users/mar01/DevTools/morebenchmarks/glfw/src/context.c"
},
{
  "directory": "/Users/mar01/DevTools/morebenchmarks/glfwbuild/src",
  "command": "/Applications/Xcode.app/Contents/Developer/Toolchains/XcodeDefault.xctoolchain/usr/bin/cc -D_GLFW_COCOA -I/Users/mar01/DevTools/morebenchmarks/glfw/include -I/Users/mar01/DevTools/morebenchmarks/glfw/src -I/Users/mar01/DevTools/morebenchmarks/glfwbuild/src   -isysroot /Applications/Xcode.app/Contents/Developer/Platforms/MacOSX.platform/Developer/SDKs/MacOSX11.1.sdk -mmacosx-version-min=10.15 -fPIC   -Wall -std=c99 -o CMakeFiles/glfw.dir/init.c.o   -c /Users/mar01/DevTools/morebenchmarks/glfw/src/init.c",
  "file": "/Users/mar01/DevTools/morebenchmarks/glfw/src/init.c"
},
{
  "directory": "/Users/mar01/DevTools/morebenchmarks/glfwbuild/src",
  "command": "/Applications/Xcode.app/Contents/Developer/Toolchains/XcodeDefault.xctoolchain/usr/bin/cc -D_GLFW_COCOA -I/Users/mar01/DevTools/morebenchmarks/glfw/include -I/Users/mar01/DevTools/morebenchmarks/glfw/src -I/Users/mar01/DevTools/morebenchmarks/glfwbuild/src   -isysroot /Applications/Xcode.app/Contents/Developer/Platforms/MacOSX.platform/Developer/SDKs/MacOSX11.1.sdk -mmacosx-version-min=10.15 -fPIC   -Wall -std=c99 -o CMakeFiles/glfw.dir/input.c.o   -c /Users/mar01/DevTools/morebenchmarks/glfw/src/input.c",
  "file": "/Users/mar01/DevTools/morebenchmarks/glfw/src/input.c"
},
{
  "directory": "/Users/mar01/DevTools/morebenchmarks/glfwbuild/src",
  "command": "/Applications/Xcode.app/Contents/Developer/Toolchains/XcodeDefault.xctoolchain/usr/bin/cc -D_GLFW_COCOA -I/Users/mar01/DevTools/morebenchmarks/glfw/include -I/Users/mar01/DevTools/morebenchmarks/glfw/src -I/Users/mar01/DevTools/morebenchmarks/glfwbuild/src   -isysroot /Applications/Xcode.app/Contents/Developer/Platforms/MacOSX.platform/Developer/SDKs/MacOSX11.1.sdk -mmacosx-version-min=10.15 -fPIC   -Wall -std=c99 -o CMakeFiles/glfw.dir/monitor.c.o   -c /Users/mar01/DevTools/morebenchmarks/glfw/src/monitor.c",
  "file": "/Users/mar01/DevTools/morebenchmarks/glfw/src/monitor.c"
},
{
  "directory": "/Users/mar01/DevTools/morebenchmarks/glfwbuild/src",
  "command": "/Applications/Xcode.app/Contents/Developer/Toolchains/XcodeDefault.xctoolchain/usr/bin/cc -D_GLFW_COCOA -I/Users/mar01/DevTools/morebenchmarks/glfw/include -I/Users/mar01/DevTools/morebenchmarks/glfw/src -I/Users/mar01/DevTools/morebenchmarks/glfwbuild/src   -isysroot /Applications/Xcode.app/Contents/Developer/Platforms/MacOSX.platform/Developer/SDKs/MacOSX11.1.sdk -mmacosx-version-min=10.15 -fPIC   -Wall -std=c99 -o CMakeFiles/glfw.dir/platform.c.o   -c /Users/mar01/DevTools/morebenchmarks/glfw/src/platform.c",
  "file": "/Users/mar01/DevTools/morebenchmarks/glfw/src/platform.c"
},
{
  "directory": "/Users/mar01/DevTools/morebenchmarks/glfwbuild/src",
  "command": "/Applications/Xcode.app/Contents/Developer/Toolchains/XcodeDefault.xctoolchain/usr/bin/cc -D_GLFW_COCOA -I/Users/mar01/DevTools/morebenchmarks/glfw/include -I/Users/mar01/DevTools/morebenchmarks/glfw/src -I/Users/mar01/DevTools/morebenchmarks/glfwbuild/src   -isysroot /Applications/Xcode.app/Contents/Developer/Platforms/MacOSX.platform/Developer/SDKs/MacOSX11.1.sdk -mmacosx-version-min=10.15 -fPIC   -Wall -std=c99 -o CMakeFiles/glfw.dir/vulkan.c.o   -c /Users/mar01/DevTools/morebenchmarks/glfw/src/vulkan.c",
  "file": "/Users/mar01/DevTools/morebenchmarks/glfw/src/vulkan.c"
},
{
  "directory": "/Users/mar01/DevTools/morebenchmarks/glfwbuild/src",
  "command": "/Applications/Xcode.app/Contents/Developer/Toolchains/XcodeDefault.xctoolchain/usr/bin/cc -D_GLFW_COCOA -I/Users/mar01/DevTools/morebenchmarks/glfw/include -I/Users/mar01/DevTools/morebenchmarks/glfw/src -I/Users/mar01/DevTools/morebenchmarks/glfwbuild/src   -isysroot /Applications/Xcode.app/Contents/Developer/Platforms/MacOSX.platform/Developer/SDKs/MacOSX11.1.sdk -mmacosx-version-min=10.15 -fPIC   -Wall -std=c99 -o CMakeFiles/glfw.dir/window.c.o   -c /Users/mar01/DevTools/morebenchmarks/glfw/src/window.c",
  "file": "/Users/mar01/DevTools/morebenchmarks/glfw/src/window.c"
},
{
  "directory": "/Users/mar01/DevTools/morebenchmarks/glfwbuild/src",
  "command": "/Applications/Xcode.app/Contents/Developer/Toolchains/XcodeDefault.xctoolchain/usr/bin/cc -D_GLFW_COCOA -I/Users/mar01/DevTools/morebenchmarks/glfw/include -I/Users/mar01/DevTools/morebenchmarks/glfw/src -I/Users/mar01/DevTools/morebenchmarks/glfwbuild/src   -isysroot /Applications/Xcode.app/Contents/Developer/Platforms/MacOSX.platform/Developer/SDKs/MacOSX11.1.sdk -mmacosx-version-min=10.15 -fPIC   -Wall -std=c99 -o CMakeFiles/glfw.dir/egl_context.c.o   -c /Users/mar01/DevTools/morebenchmarks/glfw/src/egl_context.c",
  "file": "/Users/mar01/DevTools/morebenchmarks/glfw/src/egl_context.c"
},
{
  "directory": "/Users/mar01/DevTools/morebenchmarks/glfwbuild/src",
  "command": "/Applications/Xcode.app/Contents/Developer/Toolchains/XcodeDefault.xctoolchain/usr/bin/cc -D_GLFW_COCOA -I/Users/mar01/DevTools/morebenchmarks/glfw/include -I/Users/mar01/DevTools/morebenchmarks/glfw/src -I/Users/mar01/DevTools/morebenchmarks/glfwbuild/src   -isysroot /Applications/Xcode.app/Contents/Developer/Platforms/MacOSX.platform/Developer/SDKs/MacOSX11.1.sdk -mmacosx-version-min=10.15 -fPIC   -Wall -std=c99 -o CMakeFiles/glfw.dir/osmesa_context.c.o   -c /Users/mar01/DevTools/morebenchmarks/glfw/src/osmesa_context.c",
  "file": "/Users/mar01/DevTools/morebenchmarks/glfw/src/osmesa_context.c"
},
{
  "directory": "/Users/mar01/DevTools/morebenchmarks/glfwbuild/src",
  "command": "/Applications/Xcode.app/Contents/Developer/Toolchains/XcodeDefault.xctoolchain/usr/bin/cc -D_GLFW_COCOA -I/Users/mar01/DevTools/morebenchmarks/glfw/include -I/Users/mar01/DevTools/morebenchmarks/glfw/src -I/Users/mar01/DevTools/morebenchmarks/glfwbuild/src   -isysroot /Applications/Xcode.app/Contents/Developer/Platforms/MacOSX.platform/Developer/SDKs/MacOSX11.1.sdk -mmacosx-version-min=10.15 -fPIC   -Wall -std=c99 -o CMakeFiles/glfw.dir/null_init.c.o   -c /Users/mar01/DevTools/morebenchmarks/glfw/src/null_init.c",
  "file": "/Users/mar01/DevTools/morebenchmarks/glfw/src/null_init.c"
},
{
  "directory": "/Users/mar01/DevTools/morebenchmarks/glfwbuild/src",
  "command": "/Applications/Xcode.app/Contents/Developer/Toolchains/XcodeDefault.xctoolchain/usr/bin/cc -D_GLFW_COCOA -I/Users/mar01/DevTools/morebenchmarks/glfw/include -I/Users/mar01/DevTools/morebenchmarks/glfw/src -I/Users/mar01/DevTools/morebenchmarks/glfwbuild/src   -isysroot /Applications/Xcode.app/Contents/Developer/Platforms/MacOSX.platform/Developer/SDKs/MacOSX11.1.sdk -mmacosx-version-min=10.15 -fPIC   -Wall -std=c99 -o CMakeFiles/glfw.dir/null_monitor.c.o   -c /Users/mar01/DevTools/morebenchmarks/glfw/src/null_monitor.c",
  "file": "/Users/mar01/DevTools/morebenchmarks/glfw/src/null_monitor.c"
},
{
  "directory": "/Users/mar01/DevTools/morebenchmarks/glfwbuild/src",
  "command": "/Applications/Xcode.app/Contents/Developer/Toolchains/XcodeDefault.xctoolchain/usr/bin/cc -D_GLFW_COCOA -I/Users/mar01/DevTools/morebenchmarks/glfw/include -I/Users/mar01/DevTools/morebenchmarks/glfw/src -I/Users/mar01/DevTools/morebenchmarks/glfwbuild/src   -isysroot /Applications/Xcode.app/Contents/Developer/Platforms/MacOSX.platform/Developer/SDKs/MacOSX11.1.sdk -mmacosx-version-min=10.15 -fPIC   -Wall -std=c99 -o CMakeFiles/glfw.dir/null_window.c.o   -c /Users/mar01/DevTools/morebenchmarks/glfw/src/null_window.c",
  "file": "/Users/mar01/DevTools/morebenchmarks/glfw/src/null_window.c"
},
{
  "directory": "/Users/mar01/DevTools/morebenchmarks/glfwbuild/src",
  "command": "/Applications/Xcode.app/Contents/Developer/Toolchains/XcodeDefault.xctoolchain/usr/bin/cc -D_GLFW_COCOA -I/Users/mar01/DevTools/morebenchmarks/glfw/include -I/Users/mar01/DevTools/morebenchmarks/glfw/src -I/Users/mar01/DevTools/morebenchmarks/glfwbuild/src   -isysroot /Applications/Xcode.app/Contents/Developer/Platforms/MacOSX.platform/Developer/SDKs/MacOSX11.1.sdk -mmacosx-version-min=10.15 -fPIC   -Wall -std=c99 -o CMakeFiles/glfw.dir/null_joystick.c.o   -c /Users/mar01/DevTools/morebenchmarks/glfw/src/null_joystick.c",
  "file": "/Users/mar01/DevTools/morebenchmarks/glfw/src/null_joystick.c"
},
{
  "directory": "/Users/mar01/DevTools/morebenchmarks/glfwbuild/src",
  "command": "/Applications/Xcode.app/Contents/Developer/Toolchains/XcodeDefault.xctoolchain/usr/bin/cc -D_GLFW_COCOA -I/Users/mar01/DevTools/morebenchmarks/glfw/include -I/Users/mar01/DevTools/morebenchmarks/glfw/src -I/Users/mar01/DevTools/morebenchmarks/glfwbuild/src   -isysroot /Applications/Xcode.app/Contents/Developer/Platforms/MacOSX.platform/Developer/SDKs/MacOSX11.1.sdk -mmacosx-version-min=10.15 -fPIC   -Wall -std=c99 -o CMakeFiles/glfw.dir/cocoa_time.c.o   -c /Users/mar01/DevTools/morebenchmarks/glfw/src/cocoa_time.c",
  "file": "/Users/mar01/DevTools/morebenchmarks/glfw/src/cocoa_time.c"
},
{
  "directory": "/Users/mar01/DevTools/morebenchmarks/glfwbuild/src",
  "command": "/Applications/Xcode.app/Contents/Developer/Toolchains/XcodeDefault.xctoolchain/usr/bin/cc -D_GLFW_COCOA -I/Users/mar01/DevTools/morebenchmarks/glfw/include -I/Users/mar01/DevTools/morebenchmarks/glfw/src -I/Users/mar01/DevTools/morebenchmarks/glfwbuild/src   -isysroot /Applications/Xcode.app/Contents/Developer/Platforms/MacOSX.platform/Developer/SDKs/MacOSX11.1.sdk -mmacosx-version-min=10.15 -fPIC   -Wall -std=c99 -o CMakeFiles/glfw.dir/posix_module.c.o   -c /Users/mar01/DevTools/morebenchmarks/glfw/src/posix_module.c",
  "file": "/Users/mar01/DevTools/morebenchmarks/glfw/src/posix_module.c"
},
{
  "directory": "/Users/mar01/DevTools/morebenchmarks/glfwbuild/src",
  "command": "/Applications/Xcode.app/Contents/Developer/Toolchains/XcodeDefault.xctoolchain/usr/bin/cc -D_GLFW_COCOA -I/Users/mar01/DevTools/morebenchmarks/glfw/include -I/Users/mar01/DevTools/morebenchmarks/glfw/src -I/Users/mar01/DevTools/morebenchmarks/glfwbuild/src   -isysroot /Applications/Xcode.app/Contents/Developer/Platforms/MacOSX.platform/Developer/SDKs/MacOSX11.1.sdk -mmacosx-version-min=10.15 -fPIC   -Wall -std=c99 -o CMakeFiles/glfw.dir/posix_thread.c.o   -c /Users/mar01/DevTools/morebenchmarks/glfw/src/posix_thread.c",
  "file": "/Users/mar01/DevTools/morebenchmarks/glfw/src/posix_thread.c"
},
{
  "directory": "/Users/mar01/DevTools/morebenchmarks/glfwbuild/src",
  "command": "/Applications/Xcode.app/Contents/Developer/Toolchains/XcodeDefault.xctoolchain/usr/bin/cc -D_GLFW_COCOA -I/Users/mar01/DevTools/morebenchmarks/glfw/include -I/Users/mar01/DevTools/morebenchmarks/glfw/src -I/Users/mar01/DevTools/morebenchmarks/glfwbuild/src   -isysroot /Applications/Xcode.app/Contents/Developer/Platforms/MacOSX.platform/Developer/SDKs/MacOSX11.1.sdk -mmacosx-version-min=10.15 -fPIC   -Wall -std=c99 -o CMakeFiles/glfw.dir/cocoa_init.m.o   -c /Users/mar01/DevTools/morebenchmarks/glfw/src/cocoa_init.m",
  "file": "/Users/mar01/DevTools/morebenchmarks/glfw/src/cocoa_init.m"
},
{
  "directory": "/Users/mar01/DevTools/morebenchmarks/glfwbuild/src",
  "command": "/Applications/Xcode.app/Contents/Developer/Toolchains/XcodeDefault.xctoolchain/usr/bin/cc -D_GLFW_COCOA -I/Users/mar01/DevTools/morebenchmarks/glfw/include -I/Users/mar01/DevTools/morebenchmarks/glfw/src -I/Users/mar01/DevTools/morebenchmarks/glfwbuild/src   -isysroot /Applications/Xcode.app/Contents/Developer/Platforms/MacOSX.platform/Developer/SDKs/MacOSX11.1.sdk -mmacosx-version-min=10.15 -fPIC   -Wall -std=c99 -o CMakeFiles/glfw.dir/cocoa_joystick.m.o   -c /Users/mar01/DevTools/morebenchmarks/glfw/src/cocoa_joystick.m",
  "file": "/Users/mar01/DevTools/morebenchmarks/glfw/src/cocoa_joystick.m"
},
{
  "directory": "/Users/mar01/DevTools/morebenchmarks/glfwbuild/src",
  "command": "/Applications/Xcode.app/Contents/Developer/Toolchains/XcodeDefault.xctoolchain/usr/bin/cc -D_GLFW_COCOA -I/Users/mar01/DevTools/morebenchmarks/glfw/include -I/Users/mar01/DevTools/morebenchmarks/glfw/src -I/Users/mar01/DevTools/morebenchmarks/glfwbuild/src   -isysroot /Applications/Xcode.app/Contents/Developer/Platforms/MacOSX.platform/Developer/SDKs/MacOSX11.1.sdk -mmacosx-version-min=10.15 -fPIC   -Wall -std=c99 -o CMakeFiles/glfw.dir/cocoa_monitor.m.o   -c /Users/mar01/DevTools/morebenchmarks/glfw/src/cocoa_monitor.m",
  "file": "/Users/mar01/DevTools/morebenchmarks/glfw/src/cocoa_monitor.m"
},
{
  "directory": "/Users/mar01/DevTools/morebenchmarks/glfwbuild/src",
  "command": "/Applications/Xcode.app/Contents/Developer/Toolchains/XcodeDefault.xctoolchain/usr/bin/cc -D_GLFW_COCOA -I/Users/mar01/DevTools/morebenchmarks/glfw/include -I/Users/mar01/DevTools/morebenchmarks/glfw/src -I/Users/mar01/DevTools/morebenchmarks/glfwbuild/src   -isysroot /Applications/Xcode.app/Contents/Developer/Platforms/MacOSX.platform/Developer/SDKs/MacOSX11.1.sdk -mmacosx-version-min=10.15 -fPIC   -Wall -std=c99 -o CMakeFiles/glfw.dir/cocoa_window.m.o   -c /Users/mar01/DevTools/morebenchmarks/glfw/src/cocoa_window.m",
  "file": "/Users/mar01/DevTools/morebenchmarks/glfw/src/cocoa_window.m"
},
{
  "directory": "/Users/mar01/DevTools/morebenchmarks/glfwbuild/src",
  "command": "/Applications/Xcode.app/Contents/Developer/Toolchains/XcodeDefault.xctoolchain/usr/bin/cc -D_GLFW_COCOA -I/Users/mar01/DevTools/morebenchmarks/glfw/include -I/Users/mar01/DevTools/morebenchmarks/glfw/src -I/Users/mar01/DevTools/morebenchmarks/glfwbuild/src   -isysroot /Applications/Xcode.app/Contents/Developer/Platforms/MacOSX.platform/Developer/SDKs/MacOSX11.1.sdk -mmacosx-version-min=10.15 -fPIC   -Wall -std=c99 -o CMakeFiles/glfw.dir/nsgl_context.m.o   -c /Users/mar01/DevTools/morebenchmarks/glfw/src/nsgl_context.m",
  "file": "/Users/mar01/DevTools/morebenchmarks/glfw/src/nsgl_context.m"
},
{
  "directory": "/Users/mar01/DevTools/morebenchmarks/glfwbuild/examples",
  "command": "/Applications/Xcode.app/Contents/Developer/Toolchains/XcodeDefault.xctoolchain/usr/bin/cc  -I/Users/mar01/DevTools/morebenchmarks/glfw/deps -I/Users/mar01/DevTools/morebenchmarks/glfw/include   -isysroot /Applications/Xcode.app/Contents/Developer/Platforms/MacOSX.platform/Developer/SDKs/MacOSX11.1.sdk -mmacosx-version-min=10.15   -std=gnu99 -o CMakeFiles/wave.dir/wave.c.o   -c /Users/mar01/DevTools/morebenchmarks/glfw/examples/wave.c",
  "file": "/Users/mar01/DevTools/morebenchmarks/glfw/examples/wave.c"
},
{
  "directory": "/Users/mar01/DevTools/morebenchmarks/glfwbuild/examples",
  "command": "/Applications/Xcode.app/Contents/Developer/Toolchains/XcodeDefault.xctoolchain/usr/bin/cc  -I/Users/mar01/DevTools/morebenchmarks/glfw/deps -I/Users/mar01/DevTools/morebenchmarks/glfw/include   -isysroot /Applications/Xcode.app/Contents/Developer/Platforms/MacOSX.platform/Developer/SDKs/MacOSX11.1.sdk -mmacosx-version-min=10.15   -std=gnu99 -o CMakeFiles/windows.dir/windows.c.o   -c /Users/mar01/DevTools/morebenchmarks/glfw/examples/windows.c",
  "file": "/Users/mar01/DevTools/morebenchmarks/glfw/examples/windows.c"
},
{
  "directory": "/Users/mar01/DevTools/morebenchmarks/glfwbuild/examples",
  "command": "/Applications/Xcode.app/Contents/Developer/Toolchains/XcodeDefault.xctoolchain/usr/bin/cc  -I/Users/mar01/DevTools/morebenchmarks/glfw/deps -I/Users/mar01/DevTools/morebenchmarks/glfw/include   -isysroot /Applications/Xcode.app/Contents/Developer/Platforms/MacOSX.platform/Developer/SDKs/MacOSX11.1.sdk -mmacosx-version-min=10.15   -std=gnu99 -o CMakeFiles/triangle-opengles.dir/triangle-opengles.c.o   -c /Users/mar01/DevTools/morebenchmarks/glfw/examples/triangle-opengles.c",
  "file": "/Users/mar01/DevTools/morebenchmarks/glfw/examples/triangle-opengles.c"
},
{
  "directory": "/Users/mar01/DevTools/morebenchmarks/glfwbuild/examples",
  "command": "/Applications/Xcode.app/Contents/Developer/Toolchains/XcodeDefault.xctoolchain/usr/bin/cc  -I/Users/mar01/DevTools/morebenchmarks/glfw/deps -I/Users/mar01/DevTools/morebenchmarks/glfw/include   -isysroot /Applications/Xcode.app/Contents/Developer/Platforms/MacOSX.platform/Developer/SDKs/MacOSX11.1.sdk -mmacosx-version-min=10.15   -std=gnu99 -o CMakeFiles/triangle-opengl.dir/triangle-opengl.c.o   -c /Users/mar01/DevTools/morebenchmarks/glfw/examples/triangle-opengl.c",
  "file": "/Users/mar01/DevTools/morebenchmarks/glfw/examples/triangle-opengl.c"
},
{
  "directory": "/Users/mar01/DevTools/morebenchmarks/glfwbuild/examples",
  "command": "/Applications/Xcode.app/Contents/Developer/Toolchains/XcodeDefault.xctoolchain/usr/bin/cc  -I/Users/mar01/DevTools/morebenchmarks/glfw/deps -I/Users/mar01/DevTools/morebenchmarks/glfw/include   -isysroot /Applications/Xcode.app/Contents/Developer/Platforms/MacOSX.platform/Developer/SDKs/MacOSX11.1.sdk -mmacosx-version-min=10.15   -std=gnu99 -o CMakeFiles/sharing.dir/sharing.c.o   -c /Users/mar01/DevTools/morebenchmarks/glfw/examples/sharing.c",
  "file": "/Users/mar01/DevTools/morebenchmarks/glfw/examples/sharing.c"
},
{
  "directory": "/Users/mar01/DevTools/morebenchmarks/glfwbuild/examples",
  "command": "/Applications/Xcode.app/Contents/Developer/Toolchains/XcodeDefault.xctoolchain/usr/bin/cc  -I/Users/mar01/DevTools/morebenchmarks/glfw/deps -I/Users/mar01/DevTools/morebenchmarks/glfw/include   -isysroot /Applications/Xcode.app/Contents/Developer/Platforms/MacOSX.platform/Developer/SDKs/MacOSX11.1.sdk -mmacosx-version-min=10.15   -std=gnu99 -o CMakeFiles/particles.dir/particles.c.o   -c /Users/mar01/DevTools/morebenchmarks/glfw/examples/particles.c",
  "file": "/Users/mar01/DevTools/morebenchmarks/glfw/examples/particles.c"
},
{
  "directory": "/Users/mar01/DevTools/morebenchmarks/glfwbuild/examples",
  "command": "/Applications/Xcode.app/Contents/Developer/Toolchains/XcodeDefault.xctoolchain/usr/bin/cc  -I/Users/mar01/DevTools/morebenchmarks/glfw/deps -I/Users/mar01/DevTools/morebenchmarks/glfw/include   -isysroot /Applications/Xcode.app/Contents/Developer/Platforms/MacOSX.platform/Developer/SDKs/MacOSX11.1.sdk -mmacosx-version-min=10.15   -std=gnu99 -o CMakeFiles/particles.dir/__/deps/tinycthread.c.o   -c /Users/mar01/DevTools/morebenchmarks/glfw/deps/tinycthread.c",
  "file": "/Users/mar01/DevTools/morebenchmarks/glfw/deps/tinycthread.c"
},
{
  "directory": "/Users/mar01/DevTools/morebenchmarks/glfwbuild/examples",
  "command": "/Applications/Xcode.app/Contents/Developer/Toolchains/XcodeDefault.xctoolchain/usr/bin/cc  -I/Users/mar01/DevTools/morebenchmarks/glfw/deps -I/Users/mar01/DevTools/morebenchmarks/glfw/include   -isysroot /Applications/Xcode.app/Contents/Developer/Platforms/MacOSX.platform/Developer/SDKs/MacOSX11.1.sdk -mmacosx-version-min=10.15   -std=gnu99 -o CMakeFiles/particles.dir/__/deps/getopt.c.o   -c /Users/mar01/DevTools/morebenchmarks/glfw/deps/getopt.c",
  "file": "/Users/mar01/DevTools/morebenchmarks/glfw/deps/getopt.c"
},
{
  "directory": "/Users/mar01/DevTools/morebenchmarks/glfwbuild/examples",
  "command": "/Applications/Xcode.app/Contents/Developer/Toolchains/XcodeDefault.xctoolchain/usr/bin/cc  -I/Users/mar01/DevTools/morebenchmarks/glfw/deps -I/Users/mar01/DevTools/morebenchmarks/glfw/include   -isysroot /Applications/Xcode.app/Contents/Developer/Platforms/MacOSX.platform/Developer/SDKs/MacOSX11.1.sdk -mmacosx-version-min=10.15   -std=gnu99 -o CMakeFiles/heightmap.dir/heightmap.c.o   -c /Users/mar01/DevTools/morebenchmarks/glfw/examples/heightmap.c",
  "file": "/Users/mar01/DevTools/morebenchmarks/glfw/examples/heightmap.c"
},
{
  "directory": "/Users/mar01/DevTools/morebenchmarks/glfwbuild/examples",
  "command": "/Applications/Xcode.app/Contents/Developer/Toolchains/XcodeDefault.xctoolchain/usr/bin/cc  -I/Users/mar01/DevTools/morebenchmarks/glfw/deps -I/Users/mar01/DevTools/morebenchmarks/glfw/include   -isysroot /Applications/Xcode.app/Contents/Developer/Platforms/MacOSX.platform/Developer/SDKs/MacOSX11.1.sdk -mmacosx-version-min=10.15   -std=gnu99 -o CMakeFiles/splitview.dir/splitview.c.o   -c /Users/mar01/DevTools/morebenchmarks/glfw/examples/splitview.c",
  "file": "/Users/mar01/DevTools/morebenchmarks/glfw/examples/splitview.c"
},
{
  "directory": "/Users/mar01/DevTools/morebenchmarks/glfwbuild/examples",
  "command": "/Applications/Xcode.app/Contents/Developer/Toolchains/XcodeDefault.xctoolchain/usr/bin/cc  -I/Users/mar01/DevTools/morebenchmarks/glfw/deps -I/Users/mar01/DevTools/morebenchmarks/glfw/include   -isysroot /Applications/Xcode.app/Contents/Developer/Platforms/MacOSX.platform/Developer/SDKs/MacOSX11.1.sdk -mmacosx-version-min=10.15   -std=gnu99 -o CMakeFiles/offscreen.dir/offscreen.c.o   -c /Users/mar01/DevTools/morebenchmarks/glfw/examples/offscreen.c",
  "file": "/Users/mar01/DevTools/morebenchmarks/glfw/examples/offscreen.c"
},
{
  "directory": "/Users/mar01/DevTools/morebenchmarks/glfwbuild/examples",
  "command": "/Applications/Xcode.app/Contents/Developer/Toolchains/XcodeDefault.xctoolchain/usr/bin/cc  -I/Users/mar01/DevTools/morebenchmarks/glfw/deps -I/Users/mar01/DevTools/morebenchmarks/glfw/include   -isysroot /Applications/Xcode.app/Contents/Developer/Platforms/MacOSX.platform/Developer/SDKs/MacOSX11.1.sdk -mmacosx-version-min=10.15   -std=gnu99 -o CMakeFiles/gears.dir/gears.c.o   -c /Users/mar01/DevTools/morebenchmarks/glfw/examples/gears.c",
  "file": "/Users/mar01/DevTools/morebenchmarks/glfw/examples/gears.c"
},
{
  "directory": "/Users/mar01/DevTools/morebenchmarks/glfwbuild/examples",
  "command": "/Applications/Xcode.app/Contents/Developer/Toolchains/XcodeDefault.xctoolchain/usr/bin/cc  -I/Users/mar01/DevTools/morebenchmarks/glfw/deps -I/Users/mar01/DevTools/morebenchmarks/glfw/include   -isysroot /Applications/Xcode.app/Contents/Developer/Platforms/MacOSX.platform/Developer/SDKs/MacOSX11.1.sdk -mmacosx-version-min=10.15   -std=gnu99 -o CMakeFiles/boing.dir/boing.c.o   -c /Users/mar01/DevTools/morebenchmarks/glfw/examples/boing.c",
  "file": "/Users/mar01/DevTools/morebenchmarks/glfw/examples/boing.c"
},
{
  "directory": "/Users/mar01/DevTools/morebenchmarks/glfwbuild/tests",
  "command": "/Applications/Xcode.app/Contents/Developer/Toolchains/XcodeDefault.xctoolchain/usr/bin/cc  -I/Users/mar01/DevTools/morebenchmarks/glfw/deps -I/Users/mar01/DevTools/morebenchmarks/glfw/include   -isysroot /Applications/Xcode.app/Contents/Developer/Platforms/MacOSX.platform/Developer/SDKs/MacOSX11.1.sdk -mmacosx-version-min=10.15   -std=gnu99 -o CMakeFiles/triangle-vulkan.dir/triangle-vulkan.c.o   -c /Users/mar01/DevTools/morebenchmarks/glfw/tests/triangle-vulkan.c",
  "file": "/Users/mar01/DevTools/morebenchmarks/glfw/tests/triangle-vulkan.c"
},
{
  "directory": "/Users/mar01/DevTools/morebenchmarks/glfwbuild/tests",
  "command": "/Applications/Xcode.app/Contents/Developer/Toolchains/XcodeDefault.xctoolchain/usr/bin/cc  -I/Users/mar01/DevTools/morebenchmarks/glfw/deps -I/Users/mar01/DevTools/morebenchmarks/glfw/include   -isysroot /Applications/Xcode.app/Contents/Developer/Platforms/MacOSX.platform/Developer/SDKs/MacOSX11.1.sdk -mmacosx-version-min=10.15   -std=gnu99 -o CMakeFiles/clipboard.dir/clipboard.c.o   -c /Users/mar01/DevTools/morebenchmarks/glfw/tests/clipboard.c",
  "file": "/Users/mar01/DevTools/morebenchmarks/glfw/tests/clipboard.c"
},
{
  "directory": "/Users/mar01/DevTools/morebenchmarks/glfwbuild/tests",
  "command": "/Applications/Xcode.app/Contents/Developer/Toolchains/XcodeDefault.xctoolchain/usr/bin/cc  -I/Users/mar01/DevTools/morebenchmarks/glfw/deps -I/Users/mar01/DevTools/morebenchmarks/glfw/include   -isysroot /Applications/Xcode.app/Contents/Developer/Platforms/MacOSX.platform/Developer/SDKs/MacOSX11.1.sdk -mmacosx-version-min=10.15   -std=gnu99 -o CMakeFiles/clipboard.dir/__/deps/getopt.c.o   -c /Users/mar01/DevTools/morebenchmarks/glfw/deps/getopt.c",
  "file": "/Users/mar01/DevTools/morebenchmarks/glfw/deps/getopt.c"
},
{
  "directory": "/Users/mar01/DevTools/morebenchmarks/glfwbuild/tests",
  "command": "/Applications/Xcode.app/Contents/Developer/Toolchains/XcodeDefault.xctoolchain/usr/bin/cc  -I/Users/mar01/DevTools/morebenchmarks/glfw/deps -I/Users/mar01/DevTools/morebenchmarks/glfw/include   -isysroot /Applications/Xcode.app/Contents/Developer/Platforms/MacOSX.platform/Developer/SDKs/MacOSX11.1.sdk -mmacosx-version-min=10.15   -std=gnu99 -o CMakeFiles/title.dir/title.c.o   -c /Users/mar01/DevTools/morebenchmarks/glfw/tests/title.c",
  "file": "/Users/mar01/DevTools/morebenchmarks/glfw/tests/title.c"
},
{
  "directory": "/Users/mar01/DevTools/morebenchmarks/glfwbuild/tests",
  "command": "/Applications/Xcode.app/Contents/Developer/Toolchains/XcodeDefault.xctoolchain/usr/bin/cc  -I/Users/mar01/DevTools/morebenchmarks/glfw/deps -I/Users/mar01/DevTools/morebenchmarks/glfw/include   -isysroot /Applications/Xcode.app/Contents/Developer/Platforms/MacOSX.platform/Developer/SDKs/MacOSX11.1.sdk -mmacosx-version-min=10.15   -std=gnu99 -o CMakeFiles/timeout.dir/timeout.c.o   -c /Users/mar01/DevTools/morebenchmarks/glfw/tests/timeout.c",
  "file": "/Users/mar01/DevTools/morebenchmarks/glfw/tests/timeout.c"
},
{
  "directory": "/Users/mar01/DevTools/morebenchmarks/glfwbuild/tests",
  "command": "/Applications/Xcode.app/Contents/Developer/Toolchains/XcodeDefault.xctoolchain/usr/bin/cc  -I/Users/mar01/DevTools/morebenchmarks/glfw/deps -I/Users/mar01/DevTools/morebenchmarks/glfw/include   -isysroot /Applications/Xcode.app/Contents/Developer/Platforms/MacOSX.platform/Developer/SDKs/MacOSX11.1.sdk -mmacosx-version-min=10.15   -std=gnu99 -o CMakeFiles/threads.dir/threads.c.o   -c /Users/mar01/DevTools/morebenchmarks/glfw/tests/threads.c",
  "file": "/Users/mar01/DevTools/morebenchmarks/glfw/tests/threads.c"
},
{
  "directory": "/Users/mar01/DevTools/morebenchmarks/glfwbuild/tests",
  "command": "/Applications/Xcode.app/Contents/Developer/Toolchains/XcodeDefault.xctoolchain/usr/bin/cc  -I/Users/mar01/DevTools/morebenchmarks/glfw/deps -I/Users/mar01/DevTools/morebenchmarks/glfw/include   -isysroot /Applications/Xcode.app/Contents/Developer/Platforms/MacOSX.platform/Developer/SDKs/MacOSX11.1.sdk -mmacosx-version-min=10.15   -std=gnu99 -o CMakeFiles/threads.dir/__/deps/tinycthread.c.o   -c /Users/mar01/DevTools/morebenchmarks/glfw/deps/tinycthread.c",
  "file": "/Users/mar01/DevTools/morebenchmarks/glfw/deps/tinycthread.c"
},
{
  "directory": "/Users/mar01/DevTools/morebenchmarks/glfwbuild/tests",
  "command": "/Applications/Xcode.app/Contents/Developer/Toolchains/XcodeDefault.xctoolchain/usr/bin/cc  -I/Users/mar01/DevTools/morebenchmarks/glfw/deps -I/Users/mar01/DevTools/morebenchmarks/glfw/include   -isysroot /Applications/Xcode.app/Contents/Developer/Platforms/MacOSX.platform/Developer/SDKs/MacOSX11.1.sdk -mmacosx-version-min=10.15   -std=gnu99 -o CMakeFiles/gamma.dir/gamma.c.o   -c /Users/mar01/DevTools/morebenchmarks/glfw/tests/gamma.c",
  "file": "/Users/mar01/DevTools/morebenchmarks/glfw/tests/gamma.c"
},
{
  "directory": "/Users/mar01/DevTools/morebenchmarks/glfwbuild/tests",
  "command": "/Applications/Xcode.app/Contents/Developer/Toolchains/XcodeDefault.xctoolchain/usr/bin/cc  -I/Users/mar01/DevTools/morebenchmarks/glfw/deps -I/Users/mar01/DevTools/morebenchmarks/glfw/include   -isysroot /Applications/Xcode.app/Contents/Developer/Platforms/MacOSX.platform/Developer/SDKs/MacOSX11.1.sdk -mmacosx-version-min=10.15   -std=gnu99 -o CMakeFiles/tearing.dir/tearing.c.o   -c /Users/mar01/DevTools/morebenchmarks/glfw/tests/tearing.c",
  "file": "/Users/mar01/DevTools/morebenchmarks/glfw/tests/tearing.c"
},
{
  "directory": "/Users/mar01/DevTools/morebenchmarks/glfwbuild/tests",
  "command": "/Applications/Xcode.app/Contents/Developer/Toolchains/XcodeDefault.xctoolchain/usr/bin/cc  -I/Users/mar01/DevTools/morebenchmarks/glfw/deps -I/Users/mar01/DevTools/morebenchmarks/glfw/include   -isysroot /Applications/Xcode.app/Contents/Developer/Platforms/MacOSX.platform/Developer/SDKs/MacOSX11.1.sdk -mmacosx-version-min=10.15   -std=gnu99 -o CMakeFiles/iconify.dir/iconify.c.o   -c /Users/mar01/DevTools/morebenchmarks/glfw/tests/iconify.c",
  "file": "/Users/mar01/DevTools/morebenchmarks/glfw/tests/iconify.c"
},
{
  "directory": "/Users/mar01/DevTools/morebenchmarks/glfwbuild/tests",
  "command": "/Applications/Xcode.app/Contents/Developer/Toolchains/XcodeDefault.xctoolchain/usr/bin/cc  -I/Users/mar01/DevTools/morebenchmarks/glfw/deps -I/Users/mar01/DevTools/morebenchmarks/glfw/include   -isysroot /Applications/Xcode.app/Contents/Developer/Platforms/MacOSX.platform/Developer/SDKs/MacOSX11.1.sdk -mmacosx-version-min=10.15   -std=gnu99 -o CMakeFiles/iconify.dir/__/deps/getopt.c.o   -c /Users/mar01/DevTools/morebenchmarks/glfw/deps/getopt.c",
  "file": "/Users/mar01/DevTools/morebenchmarks/glfw/deps/getopt.c"
},
{
  "directory": "/Users/mar01/DevTools/morebenchmarks/glfwbuild/tests",
  "command": "/Applications/Xcode.app/Contents/Developer/Toolchains/XcodeDefault.xctoolchain/usr/bin/cc  -I/Users/mar01/DevTools/morebenchmarks/glfw/deps -I/Users/mar01/DevTools/morebenchmarks/glfw/include   -isysroot /Applications/Xcode.app/Contents/Developer/Platforms/MacOSX.platform/Developer/SDKs/MacOSX11.1.sdk -mmacosx-version-min=10.15   -std=gnu99 -o CMakeFiles/joysticks.dir/joysticks.c.o   -c /Users/mar01/DevTools/morebenchmarks/glfw/tests/joysticks.c",
  "file": "/Users/mar01/DevTools/morebenchmarks/glfw/tests/joysticks.c"
},
{
  "directory": "/Users/mar01/DevTools/morebenchmarks/glfwbuild/tests",
  "command": "/Applications/Xcode.app/Contents/Developer/Toolchains/XcodeDefault.xctoolchain/usr/bin/cc  -I/Users/mar01/DevTools/morebenchmarks/glfw/deps -I/Users/mar01/DevTools/morebenchmarks/glfw/include   -isysroot /Applications/Xcode.app/Contents/Developer/Platforms/MacOSX.platform/Developer/SDKs/MacOSX11.1.sdk -mmacosx-version-min=10.15   -std=gnu99 -o CMakeFiles/window.dir/window.c.o   -c /Users/mar01/DevTools/morebenchmarks/glfw/tests/window.c",
  "file": "/Users/mar01/DevTools/morebenchmarks/glfw/tests/window.c"
},
{
  "directory": "/Users/mar01/DevTools/morebenchmarks/glfwbuild/tests",
  "command": "/Applications/Xcode.app/Contents/Developer/Toolchains/XcodeDefault.xctoolchain/usr/bin/cc  -I/Users/mar01/DevTools/morebenchmarks/glfw/deps -I/Users/mar01/DevTools/morebenchmarks/glfw/include   -isysroot /Applications/Xcode.app/Contents/Developer/Platforms/MacOSX.platform/Developer/SDKs/MacOSX11.1.sdk -mmacosx-version-min=10.15   -std=gnu99 -o CMakeFiles/inputlag.dir/inputlag.c.o   -c /Users/mar01/DevTools/morebenchmarks/glfw/tests/inputlag.c",
  "file": "/Users/mar01/DevTools/morebenchmarks/glfw/tests/inputlag.c"
},
{
  "directory": "/Users/mar01/DevTools/morebenchmarks/glfwbuild/tests",
  "command": "/Applications/Xcode.app/Contents/Developer/Toolchains/XcodeDefault.xctoolchain/usr/bin/cc  -I/Users/mar01/DevTools/morebenchmarks/glfw/deps -I/Users/mar01/DevTools/morebenchmarks/glfw/include   -isysroot /Applications/Xcode.app/Contents/Developer/Platforms/MacOSX.platform/Developer/SDKs/MacOSX11.1.sdk -mmacosx-version-min=10.15   -std=gnu99 -o CMakeFiles/inputlag.dir/__/deps/getopt.c.o   -c /Users/mar01/DevTools/morebenchmarks/glfw/deps/getopt.c",
  "file": "/Users/mar01/DevTools/morebenchmarks/glfw/deps/getopt.c"
},
{
  "directory": "/Users/mar01/DevTools/morebenchmarks/glfwbuild/tests",
  "command": "/Applications/Xcode.app/Contents/Developer/Toolchains/XcodeDefault.xctoolchain/usr/bin/cc  -I/Users/mar01/DevTools/morebenchmarks/glfw/deps -I/Users/mar01/DevTools/morebenchmarks/glfw/include   -isysroot /Applications/Xcode.app/Contents/Developer/Platforms/MacOSX.platform/Developer/SDKs/MacOSX11.1.sdk -mmacosx-version-min=10.15   -std=gnu99 -o CMakeFiles/icon.dir/icon.c.o   -c /Users/mar01/DevTools/morebenchmarks/glfw/tests/icon.c",
  "file": "/Users/mar01/DevTools/morebenchmarks/glfw/tests/icon.c"
},
{
  "directory": "/Users/mar01/DevTools/morebenchmarks/glfwbuild/tests",
  "command": "/Applications/Xcode.app/Contents/Developer/Toolchains/XcodeDefault.xctoolchain/usr/bin/cc  -I/Users/mar01/DevTools/morebenchmarks/glfw/deps -I/Users/mar01/DevTools/morebenchmarks/glfw/include   -isysroot /Applications/Xcode.app/Contents/Developer/Platforms/MacOSX.platform/Developer/SDKs/MacOSX11.1.sdk -mmacosx-version-min=10.15   -std=gnu99 -o CMakeFiles/empty.dir/empty.c.o   -c /Users/mar01/DevTools/morebenchmarks/glfw/tests/empty.c",
  "file": "/Users/mar01/DevTools/morebenchmarks/glfw/tests/empty.c"
},
{
  "directory": "/Users/mar01/DevTools/morebenchmarks/glfwbuild/tests",
  "command": "/Applications/Xcode.app/Contents/Developer/Toolchains/XcodeDefault.xctoolchain/usr/bin/cc  -I/Users/mar01/DevTools/morebenchmarks/glfw/deps -I/Users/mar01/DevTools/morebenchmarks/glfw/include   -isysroot /Applications/Xcode.app/Contents/Developer/Platforms/MacOSX.platform/Developer/SDKs/MacOSX11.1.sdk -mmacosx-version-min=10.15   -std=gnu99 -o CMakeFiles/empty.dir/__/deps/tinycthread.c.o   -c /Users/mar01/DevTools/morebenchmarks/glfw/deps/tinycthread.c",
  "file": "/Users/mar01/DevTools/morebenchmarks/glfw/deps/tinycthread.c"
},
{
  "directory": "/Users/mar01/DevTools/morebenchmarks/glfwbuild/tests",
  "command": "/Applications/Xcode.app/Contents/Developer/Toolchains/XcodeDefault.xctoolchain/usr/bin/cc  -I/Users/mar01/DevTools/morebenchmarks/glfw/deps -I/Users/mar01/DevTools/morebenchmarks/glfw/include   -isysroot /Applications/Xcode.app/Contents/Developer/Platforms/MacOSX.platform/Developer/SDKs/MacOSX11.1.sdk -mmacosx-version-min=10.15   -std=gnu99 -o CMakeFiles/glfwinfo.dir/glfwinfo.c.o   -c /Users/mar01/DevTools/morebenchmarks/glfw/tests/glfwinfo.c",
  "file": "/Users/mar01/DevTools/morebenchmarks/glfw/tests/glfwinfo.c"
},
{
  "directory": "/Users/mar01/DevTools/morebenchmarks/glfwbuild/tests",
  "command": "/Applications/Xcode.app/Contents/Developer/Toolchains/XcodeDefault.xctoolchain/usr/bin/cc  -I/Users/mar01/DevTools/morebenchmarks/glfw/deps -I/Users/mar01/DevTools/morebenchmarks/glfw/include   -isysroot /Applications/Xcode.app/Contents/Developer/Platforms/MacOSX.platform/Developer/SDKs/MacOSX11.1.sdk -mmacosx-version-min=10.15   -std=gnu99 -o CMakeFiles/glfwinfo.dir/__/deps/getopt.c.o   -c /Users/mar01/DevTools/morebenchmarks/glfw/deps/getopt.c",
  "file": "/Users/mar01/DevTools/morebenchmarks/glfw/deps/getopt.c"
},
{
  "directory": "/Users/mar01/DevTools/morebenchmarks/glfwbuild/tests",
  "command": "/Applications/Xcode.app/Contents/Developer/Toolchains/XcodeDefault.xctoolchain/usr/bin/cc  -I/Users/mar01/DevTools/morebenchmarks/glfw/deps -I/Users/mar01/DevTools/morebenchmarks/glfw/include   -isysroot /Applications/Xcode.app/Contents/Developer/Platforms/MacOSX.platform/Developer/SDKs/MacOSX11.1.sdk -mmacosx-version-min=10.15   -std=gnu99 -o CMakeFiles/msaa.dir/msaa.c.o   -c /Users/mar01/DevTools/morebenchmarks/glfw/tests/msaa.c",
  "file": "/Users/mar01/DevTools/morebenchmarks/glfw/tests/msaa.c"
},
{
  "directory": "/Users/mar01/DevTools/morebenchmarks/glfwbuild/tests",
  "command": "/Applications/Xcode.app/Contents/Developer/Toolchains/XcodeDefault.xctoolchain/usr/bin/cc  -I/Users/mar01/DevTools/morebenchmarks/glfw/deps -I/Users/mar01/DevTools/morebenchmarks/glfw/include   -isysroot /Applications/Xcode.app/Contents/Developer/Platforms/MacOSX.platform/Developer/SDKs/MacOSX11.1.sdk -mmacosx-version-min=10.15   -std=gnu99 -o CMakeFiles/msaa.dir/__/deps/getopt.c.o   -c /Users/mar01/DevTools/morebenchmarks/glfw/deps/getopt.c",
  "file": "/Users/mar01/DevTools/morebenchmarks/glfw/deps/getopt.c"
},
{
  "directory": "/Users/mar01/DevTools/morebenchmarks/glfwbuild/tests",
  "command": "/Applications/Xcode.app/Contents/Developer/Toolchains/XcodeDefault.xctoolchain/usr/bin/cc  -I/Users/mar01/DevTools/morebenchmarks/glfw/deps -I/Users/mar01/DevTools/morebenchmarks/glfw/include   -isysroot /Applications/Xcode.app/Contents/Developer/Platforms/MacOSX.platform/Developer/SDKs/MacOSX11.1.sdk -mmacosx-version-min=10.15   -std=gnu99 -o CMakeFiles/cursor.dir/cursor.c.o   -c /Users/mar01/DevTools/morebenchmarks/glfw/tests/cursor.c",
  "file": "/Users/mar01/DevTools/morebenchmarks/glfw/tests/cursor.c"
},
{
  "directory": "/Users/mar01/DevTools/morebenchmarks/glfwbuild/tests",
  "command": "/Applications/Xcode.app/Contents/Developer/Toolchains/XcodeDefault.xctoolchain/usr/bin/cc  -I/Users/mar01/DevTools/morebenchmarks/glfw/deps -I/Users/mar01/DevTools/morebenchmarks/glfw/include   -isysroot /Applications/Xcode.app/Contents/Developer/Platforms/MacOSX.platform/Developer/SDKs/MacOSX11.1.sdk -mmacosx-version-min=10.15   -std=gnu99 -o CMakeFiles/reopen.dir/reopen.c.o   -c /Users/mar01/DevTools/morebenchmarks/glfw/tests/reopen.c",
  "file": "/Users/mar01/DevTools/morebenchmarks/glfw/tests/reopen.c"
},
{
  "directory": "/Users/mar01/DevTools/morebenchmarks/glfwbuild/tests",
  "command": "/Applications/Xcode.app/Contents/Developer/Toolchains/XcodeDefault.xctoolchain/usr/bin/cc  -I/Users/mar01/DevTools/morebenchmarks/glfw/deps -I/Users/mar01/DevTools/morebenchmarks/glfw/include   -isysroot /Applications/Xcode.app/Contents/Developer/Platforms/MacOSX.platform/Developer/SDKs/MacOSX11.1.sdk -mmacosx-version-min=10.15   -std=gnu99 -o CMakeFiles/monitors.dir/monitors.c.o   -c /Users/mar01/DevTools/morebenchmarks/glfw/tests/monitors.c",
  "file": "/Users/mar01/DevTools/morebenchmarks/glfw/tests/monitors.c"
},
{
  "directory": "/Users/mar01/DevTools/morebenchmarks/glfwbuild/tests",
  "command": "/Applications/Xcode.app/Contents/Developer/Toolchains/XcodeDefault.xctoolchain/usr/bin/cc  -I/Users/mar01/DevTools/morebenchmarks/glfw/deps -I/Users/mar01/DevTools/morebenchmarks/glfw/include   -isysroot /Applications/Xcode.app/Contents/Developer/Platforms/MacOSX.platform/Developer/SDKs/MacOSX11.1.sdk -mmacosx-version-min=10.15   -std=gnu99 -o CMakeFiles/monitors.dir/__/deps/getopt.c.o   -c /Users/mar01/DevTools/morebenchmarks/glfw/deps/getopt.c",
  "file": "/Users/mar01/DevTools/morebenchmarks/glfw/deps/getopt.c"
},
{
  "directory": "/Users/mar01/DevTools/morebenchmarks/glfwbuild/tests",
  "command": "/Applications/Xcode.app/Contents/Developer/Toolchains/XcodeDefault.xctoolchain/usr/bin/cc  -I/Users/mar01/DevTools/morebenchmarks/glfw/deps -I/Users/mar01/DevTools/morebenchmarks/glfw/include   -isysroot /Applications/Xcode.app/Contents/Developer/Platforms/MacOSX.platform/Developer/SDKs/MacOSX11.1.sdk -mmacosx-version-min=10.15   -std=gnu99 -o CMakeFiles/events.dir/events.c.o   -c /Users/mar01/DevTools/morebenchmarks/glfw/tests/events.c",
  "file": "/Users/mar01/DevTools/morebenchmarks/glfw/tests/events.c"
},
{
  "directory": "/Users/mar01/DevTools/morebenchmarks/glfwbuild/tests",
  "command": "/Applications/Xcode.app/Contents/Developer/Toolchains/XcodeDefault.xctoolchain/usr/bin/cc  -I/Users/mar01/DevTools/morebenchmarks/glfw/deps -I/Users/mar01/DevTools/morebenchmarks/glfw/include   -isysroot /Applications/Xcode.app/Contents/Developer/Platforms/MacOSX.platform/Developer/SDKs/MacOSX11.1.sdk -mmacosx-version-min=10.15   -std=gnu99 -o CMakeFiles/events.dir/__/deps/getopt.c.o   -c /Users/mar01/DevTools/morebenchmarks/glfw/deps/getopt.c",
  "file": "/Users/mar01/DevTools/morebenchmarks/glfw/deps/getopt.c"
},
{
  "directory": "/Users/mar01/DevTools/morebenchmarks/glfwbuild/tests",
  "command": "/Applications/Xcode.app/Contents/Developer/Toolchains/XcodeDefault.xctoolchain/usr/bin/cc  -I/Users/mar01/DevTools/morebenchmarks/glfw/deps -I/Users/mar01/DevTools/morebenchmarks/glfw/include   -isysroot /Applications/Xcode.app/Contents/Developer/Platforms/MacOSX.platform/Developer/SDKs/MacOSX11.1.sdk -mmacosx-version-min=10.15   -std=gnu99 -o CMakeFiles/allocator.dir/allocator.c.o   -c /Users/mar01/DevTools/morebenchmarks/glfw/tests/allocator.c",
  "file": "/Users/mar01/DevTools/morebenchmarks/glfw/tests/allocator.c"
}
]